Frame	Scene	Time	Shot	CameraPosition	CameraRotation	Deniz	DenizViewport	CentralHit	Objective
0	Story_02_RebuildPreview	0.44	CM_HomeOverview_Rebuild	(1.396, 2.923, -3.994)	(26.6, 318.1, 0.0)	(-0.749, 0.000, -2.263)	(0.239, 0.288, 3.362)	LivingRoom_Floor	ÇIKIŞ YOLUNU BİRLİKTE DENE
1	Story_02_RebuildPreview	13.78	CM_HomeOverview_Rebuild	(1.652, 3.330, 0.593)	(33.9, 4.8, 0.0)	(1.710, 0.030, 3.661)	(0.400, 0.407, 3.908)	DoorwayFloorBridge	TAHLİYE PLANINI AİLE PANOSUNA AS
2	Story_02_RebuildPreview	21.30	CM_HomeOverview_Rebuild	(1.652, 3.330, 0.593)	(33.9, 4.8, 0.0)	(1.709, 0.030, 3.661)	(0.399, 0.407, 3.908)	DoorwayFloorBridge	RİSKİ GÖR, YAŞAM ALANINI DEĞİŞTİR — 0/3
3	Story_02_RebuildPreview	22.81	CM_HomeOverview_Rebuild	(1.652, 3.330, 0.593)	(33.9, 4.8, 0.0)	(1.709, 0.030, 3.661)	(0.399, 0.407, 3.908)	DoorwayFloorBridge	RİSKİ GÖR, YAŞAM ALANINI DEĞİŞTİR — 1/3
4	Story_02_RebuildPreview	24.31	CM_HomeOverview_Rebuild	(1.652, 3.330, 0.593)	(33.9, 4.8, 0.0)	(1.709, 0.030, 3.661)	(0.399, 0.407, 3.908)	DoorwayFloorBridge	RİSKİ GÖR, YAŞAM ALANINI DEĞİŞTİR — 1/3
5	Story_02_RebuildPreview	25.81	CM_HomeOverview_Rebuild	(0.722, 3.330, 0.671)	(33.9, 4.8, 0.0)	(0.436, 0.000, 3.405)	(0.218, 0.330, 3.626)	LivingRoom_Floor	RİSKİ GÖR, YAŞAM ALANINI DEĞİŞTİR — 1/3
6	Story_02_RebuildPreview	27.32	CM_HomeOverview_Rebuild	(-1.874, 3.249, 0.438)	(33.9, 4.8, 0.0)	(-2.147, 0.000, 2.887)	(0.216, 0.285, 3.345)	LivingRoom_Floor	RİSKİ GÖR, YAŞAM ALANINI DEĞİŞTİR — 1/3
7	Story_02_RebuildPreview	28.83	CM_HomeOverview_Rebuild	(-2.752, 3.252, 0.259)	(33.9, 4.8, 0.0)	(-2.987, 0.000, 2.718)	(0.240, 0.287, 3.358)	LivingRoom_Floor	RİSKİ GÖR, YAŞAM ALANINI DEĞİŞTİR — 2/3
8	Story_02_RebuildPreview	30.33	CM_HomeOverview_Rebuild	(-2.752, 3.252, 0.259)	(33.9, 4.8, 0.0)	(-2.987, 0.000, 2.718)	(0.240, 0.287, 3.358)	LivingRoom_Floor	RİSKİ GÖR, YAŞAM ALANINI DEĞİŞTİR — 2/3
9	Story_02_RebuildPreview	31.84	CM_HomeOverview_Rebuild	(-2.752, 3.252, 0.259)	(33.9, 4.8, 0.0)	(-2.987, 0.000, 2.718)	(0.240, 0.287, 3.358)	LivingRoom_Floor	RİSKİ GÖR, YAŞAM ALANINI DEĞİŞTİR — 2/3
10	Story_02_RebuildPreview	33.35	CM_HomeOverview_Rebuild	(-2.752, 3.252, 0.259)	(33.9, 4.8, 0.0)	(-2.987, 0.000, 2.718)	(0.240, 0.287, 3.358)	LivingRoom_Floor	RİSKİ GÖR, YAŞAM ALANINI DEĞİŞTİR — 2/3
11	Story_02_RebuildPreview	34.86	CM_HomeOverview_Rebuild	(-2.752, 3.252, 0.259)	(33.9, 4.8, 0.0)	(-2.987, 0.000, 2.718)	(0.240, 0.287, 3.358)	LivingRoom_Floor	RİSKİ GÖR, YAŞAM ALANINI DEĞİŞTİR — 2/3
12	Story_02_RebuildPreview	36.37	CM_HomeOverview_Rebuild	(-2.334, 3.251, 0.149)	(33.9, 4.8, 0.0)	(-2.264, 0.000, 2.577)	(0.421, 0.286, 3.353)	LivingRoom_Floor	RİSKİ GÖR, YAŞAM ALANINI DEĞİŞTİR — 2/3
13	Story_02_RebuildPreview	37.87	CM_HomeOverview_Rebuild	(0.240, 3.255, -0.353)	(33.9, 4.8, 0.0)	(0.309, 0.005, 2.075)	(0.421, 0.286, 3.352)	LivingRoom_Floor	RİSKİ GÖR, YAŞAM ALANINI DEĞİŞTİR — 2/3
14	Story_02_RebuildPreview	39.37	CM_HomeOverview_Rebuild	(3.629, 1.207, 1.220)	(1.9, 297.2, 0.0)	(2.830, 0.235, 1.583)	(0.403, 0.382, 0.880)	Deniz_12	RİSKİ GÖR, YAŞAM ALANINI DEĞİŞTİR — 2/3
