name	active	position	min	max	size
Anchor_Blanket	True	(1.7700, 0.6900, -0.1000)	(1.7700, 0.6900, -0.1000)	(1.7700, 0.6900, -0.1000)	(0.0000, 0.0000, 0.0000)
Anchor_RadioWork	True	(-1.8700, 0.8200, 2.4000)	(-1.8700, 0.8200, 2.4000)	(-1.8700, 0.8200, 2.4000)	(0.0000, 0.0000, 0.0000)
İncelenen Water 1	True	(-1.6500, 0.8470, 2.3900)	(-1.7138, 0.8470, 2.3239)	(-1.5862, 1.1870, 2.4561)	(0.1276, 0.3400, 0.1323)
Anchor_Comfort	True	(0.7000, 1.0100, 0.7500)	(0.7000, 1.0100, 0.7500)	(0.7000, 1.0100, 0.7500)	(0.0000, 0.0000, 0.0000)
Anchor_BagWork	True	(2.5800, 0.6800, -2.2500)	(2.5800, 0.6800, -2.2500)	(2.5800, 0.6800, -2.2500)	(0.0000, 0.0000, 0.0000)
Anchor_Shelf	True	(3.1900, 0.0000, 3.0500)	(3.1900, 0.0000, 3.0500)	(3.1900, 0.0000, 3.0500)	(0.0000, 0.0000, 0.0000)
Anchor_Wardrobe	True	(-3.1800, 0.0000, 3.0600)	(-3.1800, 0.0000, 3.0600)	(-3.1800, 0.0000, 3.0600)	(0.0000, 0.0000, 0.0000)
Yerleşim · Food	False	(2.8550, 0.6965, -2.9250)	(2.7630, 0.6725, -2.9695)	(2.9470, 0.7208, -2.8805)	(0.1840, 0.0483, 0.0890)
Odada bulunacak · Water	True	(-2.4500, 0.8160, 2.3000)	(-2.5050, 0.8160, 2.2410)	(-2.3950, 1.1090, 2.3550)	(0.1100, 0.2930, 0.1140)
Anchor_Camera	True	(-5.5000, 6.0000, -8.0000)	(-5.5000, 6.0000, -8.0000)	(-5.5000, 6.0000, -8.0000)	(0.0000, 0.0000, 0.0000)
Anchor_CoverEfe	True	(0.0100, 0.0000, 0.6900)	(0.0100, 0.0000, 0.6900)	(0.0100, 0.0000, 0.6900)	(0.0000, 0.0000, 0.0000)
Anchor_Efe	True	(0.4000, 0.0000, -0.4000)	(0.4000, 0.0000, -0.4000)	(0.4000, 0.0000, -0.4000)	(0.0000, 0.0000, 0.0000)
Yerleşim · Flashlight	False	(2.8550, 0.6965, -2.6800)	(2.8105, 0.6725, -2.7720)	(2.8995, 0.7625, -2.5880)	(0.0890, 0.0900, 0.1840)
Anchor_Emre	True	(-2.1000, 0.0000, -0.4500)	(-2.1000, 0.0000, -0.4500)	(-2.1000, 0.0000, -0.4500)	(0.0000, 0.0000, 0.0000)
Anchor_Aid	True	(3.2000, 1.1800, 3.0500)	(3.2000, 1.1800, 3.0500)	(3.2000, 1.1800, 3.0500)	(0.0000, 0.0000, 0.0000)
Anchor_Card	True	(1.8000, 0.6700, -2.5500)	(1.8000, 0.6700, -2.5500)	(1.8000, 0.6700, -2.5500)	(0.0000, 0.0000, 0.0000)
Anchor_FlashlightWork	True	(-0.6500, 0.8200, 2.4000)	(-0.6500, 0.8200, 2.4000)	(-0.6500, 0.8200, 2.4000)	(0.0000, 0.0000, 0.0000)
Yerleşim · FamilyCard	False	(2.3050, 0.6965, -3.1700)	(2.2605, 0.6725, -3.2145)	(2.3495, 0.6903, -3.1255)	(0.0890, 0.0178, 0.0890)
Anchor_HoldAda	True	(0.9304, 0.4500, 0.3872)	(0.9304, 0.4500, 0.3872)	(0.9304, 0.4500, 0.3872)	(0.0000, 0.0000, 0.0000)
Çanta içi	True	(2.5800, 0.7130, -2.0950)	(2.3250, 0.6930, -2.4000)	(2.8350, 0.7330, -1.7900)	(0.5100, 0.0400, 0.6100)
Anchor_Start	True	(-0.5000, 0.0000, -1.6500)	(-0.5000, 0.0000, -1.6500)	(-0.5000, 0.0000, -1.6500)	(0.0000, 0.0000, 0.0000)
Yerleşim · Whistle	False	(2.5800, 0.6965, -3.1700)	(2.5355, 0.6725, -3.2145)	(2.6245, 0.6994, -3.1255)	(0.0890, 0.0269, 0.0890)
Düzenleme bezi	True	(2.5800, 0.6640, -2.9300)	(2.1500, 0.6560, -3.3450)	(3.0100, 0.6720, -2.5150)	(0.8600, 0.0160, 0.8300)
İncelenen Food 1	True	(-1.6500, 0.8470, 2.3900)	(-1.7352, 0.8470, 2.3502)	(-1.5648, 1.0970, 2.4298)	(0.1705, 0.2500, 0.0795)
Odada bulunacak · Food	True	(-2.3000, 0.8210, 2.7000)	(-2.3784, 0.8160, 2.6634)	(-2.2216, 1.0460, 2.7366)	(0.1568, 0.2300, 0.0732)
İncelenen Water 0	True	(-2.0900, 0.8470, 2.3900)	(-2.1966, 0.8470, 2.3198)	(-1.9834, 1.1870, 2.4602)	(0.2131, 0.3400, 0.1404)
Odada bulunacak · FirstAid	True	(3.2000, 1.2935, 3.0500)	(3.0550, 1.2935, 2.9805)	(3.3450, 1.6092, 3.1100)	(0.2900, 0.3157, 0.1295)
Yerleşim · FirstAid	False	(2.3050, 0.6965, -2.9250)	(2.2130, 0.6725, -3.0170)	(2.3970, 0.7540, -2.8330)	(0.1840, 0.0815, 0.1840)
Anchor_Water	True	(-2.4500, 0.8400, 2.3000)	(-2.4500, 0.8400, 2.3000)	(-2.4500, 0.8400, 2.3000)	(0.0000, 0.0000, 0.0000)
Anchor_CoverAda	True	(0.5300, 0.0000, 0.6900)	(0.5300, 0.0000, 0.6900)	(0.5300, 0.0000, 0.6900)	(0.0000, 0.0000, 0.0000)
Ayarlanabilir radyo	True	(-1.8700, 0.8200, 2.4000)	(-2.0200, 0.7380, 1.9091)	(-1.7051, 0.8890, 2.3950)	(0.3149, 0.1510, 0.4859)
Anchor_FamilyMap	True	(3.4800, 1.5000, 1.8500)	(3.4800, 1.5000, 1.8500)	(3.4800, 1.5000, 1.8500)	(0.0000, 0.0000, 0.0000)
Yerleşim · Radio	False	(2.5800, 0.6965, -2.6800)	(2.4405, 0.6725, -2.7720)	(2.7195, 0.7658, -2.5880)	(0.2790, 0.0933, 0.1840)
Pilli fener	True	(-0.6500, 0.8200, 2.4000)	(-0.7293, 0.7570, 2.1050)	(-0.5706, 0.9660, 2.6470)	(0.1588, 0.2090, 0.5420)
Anchor_HoldEfe	True	(-0.2212, 0.4100, 0.4034)	(-0.2212, 0.4100, 0.4034)	(-0.2212, 0.4100, 0.4034)	(0.0000, 0.0000, 0.0000)
Odada bulunacak · Blanket	True	(1.9700, 0.6710, -0.3178)	(1.8250, 0.6710, -0.4073)	(2.1150, 0.7910, -0.2328)	(0.2900, 0.1200, 0.1745)
Aile çantası	True	(2.5800, 0.6800, -2.2500)	(2.3445, 0.7200, -2.4570)	(2.8155, 1.3058, -2.0206)	(0.4710, 0.5858, 0.4364)
Yerleşim · Blanket	False	(2.5800, 0.6965, -2.9250)	(2.4880, 0.6725, -3.0170)	(2.6720, 0.7547, -2.8330)	(0.1840, 0.0822, 0.1840)
Anchor_Exit	True	(-3.1000, 0.0000, -3.3500)	(-3.1000, 0.0000, -3.3500)	(-3.1000, 0.0000, -3.3500)	(0.0000, 0.0000, 0.0000)
İncelenen Food 0	True	(-2.0900, 0.8470, 2.3900)	(-2.1661, 0.8470, 2.3469)	(-2.0139, 1.0970, 2.4331)	(0.1522, 0.2500, 0.0861)
Yerleşim · ComfortFox	False	(2.8550, 0.6965, -3.1700)	(2.8105, 0.6725, -3.2620)	(2.8995, 0.7416, -3.0780)	(0.0890, 0.0691, 0.1840)
Odada bulunacak · ComfortFox	True	(0.7000, 1.0010, 0.7500)	(0.6110, 1.0010, 0.6720)	(0.7890, 1.2950, 0.8020)	(0.1780, 0.2940, 0.1300)
Anchor_Food	True	(-2.5500, 0.8400, 2.5900)	(-2.5500, 0.8400, 2.5900)	(-2.5500, 0.8400, 2.5900)	(0.0000, 0.0000, 0.0000)
Yerleşim · Water	False	(2.3050, 0.6965, -2.6800)	(2.2605, 0.6725, -2.8195)	(2.3495, 0.7670, -2.5405)	(0.0890, 0.0945, 0.2790)
Anchor_Derya	True	(1.6500, 0.0000, 2.5500)	(1.6500, 0.0000, 2.5500)	(1.6500, 0.0000, 2.5500)	(0.0000, 0.0000, 0.0000)
Anchor_Whistle	True	(1.7600, 0.7000, -2.2500)	(1.7600, 0.7000, -2.2500)	(1.7600, 0.7000, -2.2500)	(0.0000, 0.0000, 0.0000)
Odada bulunacak · Whistle	True	(1.9900, 0.6560, -2.2395)	(1.9011, 0.6560, -2.3240)	(2.0789, 0.7110, -2.0760)	(0.1779, 0.0550, 0.2481)
Odada bulunacak · FamilyCard	True	(1.9800, 0.6635, -2.5000)	(1.8750, 0.6560, -2.6400)	(2.0850, 0.6795, -2.5000)	(0.2100, 0.0235, 0.1400)
Anchor_ExitBox	True	(-2.7000, 0.0400, -2.7200)	(-2.7000, 0.0400, -2.7200)	(-2.7000, 0.0400, -2.7200)	(0.0000, 0.0000, 0.0000)
Anchor_CameraLook	True	(0.0000, 0.8500, 0.0000)	(0.0000, 0.8500, 0.0000)	(0.0000, 0.8500, 0.0000)	(0.0000, 0.0000, 0.0000)
