mesh	min	max	size
02 Dünya — ölçülü ve kesintisiz/Ailecek denenen resimli mahalle planı/Plan karesi 7	(2.8160, 1.1875, 1.7860)	(3.0240, 1.2125, 1.9940)	(0.2080, 0.0250, 0.2080)
02 Dünya — ölçülü ve kesintisiz/Yerleşim · Food/Gıda ambalajı etiketi	(2.8136, 0.7198, -2.9491)	(2.8964, 0.7208, -2.9009)	(0.0828, 0.0010, 0.0481)
02 Dünya — ölçülü ve kesintisiz/Çantanın gerçek yerleşim alanı/Kumaş bölme 0 0	(2.3440, 0.7295, -2.3785)	(2.4360, 0.7385, -2.2865)	(0.0920, 0.0090, 0.0920)
02 Dünya — ölçülü ve kesintisiz/HomeRoom/Architecture_NorthWall	(-3.9500, 0.0000, 3.8200)	(3.9500, 3.0000, 3.9800)	(7.9000, 3.0000, 0.1600)
02 Dünya — ölçülü ve kesintisiz/HomeRoom/FamilyMap_TreeMark.001	(3.6000, 1.4800, 1.7000)	(3.6600, 1.7800, 2.0000)	(0.0600, 0.3000, 0.3000)
02 Dünya — ölçülü ve kesintisiz/Hazırlanabilir raf/SafetyStrap/Buckle	(3.1565, 1.6220, 3.0290)	(3.2235, 1.6780, 3.0510)	(0.0670, 0.0560, 0.0220)
02 Dünya — ölçülü ve kesintisiz/Radyonun bütün çalışma parçaları/Ayarlanabilir radyo/SpeakerHole.018	(-1.9148, 0.7510, 2.2680)	(-1.9052, 0.7570, 2.2780)	(0.0095, 0.0060, 0.0100)
02 Dünya — ölçülü ve kesintisiz/HomeRoom/Skirting_North	(-3.8500, 0.0100, 3.7650)	(3.8500, 0.2700, 3.8150)	(7.7000, 0.2600, 0.0500)
02 Dünya — ölçülü ve kesintisiz/HomeRoom/Workbench_Drawer	(-2.0250, 0.5100, 2.0500)	(-0.4750, 0.7300, 2.2700)	(1.5500, 0.2200, 0.2200)
02 Dünya — ölçülü ve kesintisiz/Radyonun bütün çalışma parçaları/Ayarlanabilir radyo/SpeakerHole.015	(-1.9148, 0.7510, 2.3430)	(-1.9052, 0.7570, 2.3530)	(0.0095, 0.0060, 0.0100)
02 Dünya — ölçülü ve kesintisiz/Radyonun bütün çalışma parçaları/Yayın çizgisi	(-1.7315, 0.9070, 2.4875)	(-1.7285, 0.9130, 2.5165)	(0.0030, 0.0060, 0.0290)
02 Dünya — ölçülü ve kesintisiz/Ailecek denenen resimli mahalle planı/Ağacın tacı	(3.0550, 1.2750, 2.0250)	(3.2250, 1.4450, 2.1950)	(0.1700, 0.1700, 0.1700)
02 Dünya — ölçülü ve kesintisiz/Odada bulunacak · Whistle/AirSlot	(1.9770, 0.7050, -2.2615)	(2.0030, 0.7110, -2.2415)	(0.0260, 0.0060, 0.0200)
02 Dünya — ölçülü ve kesintisiz/HomeRoom/Sofa_BackCushion.001	(1.5150, 0.6100, 0.1050)	(2.4250, 1.2700, 0.3350)	(0.9100, 0.6600, 0.2300)
02 Dünya — ölçülü ve kesintisiz/Pilli fener/LampHead	(-0.7130, 0.7570, 2.1100)	(-0.5870, 0.8830, 2.2000)	(0.1260, 0.1260, 0.0900)
02 Dünya — ölçülü ve kesintisiz/Odada bulunacak · ComfortFox/Head	(0.6270, 1.1370, 0.6940)	(0.7730, 1.2650, 0.8020)	(0.1460, 0.1280, 0.1080)
02 Dünya — ölçülü ve kesintisiz/Hazırlanabilir raf/ShelfBoard.001	(2.8100, 0.8375, 2.8900)	(3.5700, 0.8825, 3.2100)	(0.7600, 0.0450, 0.3200)
02 Dünya — ölçülü ve kesintisiz/Ailecek denenen resimli mahalle planı/Yüksek bina	(3.0800, 1.2100, 1.8250)	(3.2000, 1.3400, 1.9550)	(0.1200, 0.1300, 0.1300)
02 Dünya — ölçülü ve kesintisiz/Yerleşim · FamilyCard/FamilyCard/FamilyBody.001	(2.2993, 0.6865, -3.1680)	(2.3107, 0.6893, -3.1522)	(0.0115, 0.0028, 0.0158)
02 Dünya — ölçülü ve kesintisiz/Radyonun bütün çalışma parçaları/Ayarlanabilir radyo/Body	(-2.0200, 0.7675, 2.1650)	(-1.7200, 0.8725, 2.3950)	(0.3000, 0.1050, 0.2300)
02 Dünya — ölçülü ve kesintisiz/Radyonun bütün çalışma parçaları/Yayın çizgisi	(-1.9835, 0.9070, 2.4945)	(-1.9805, 0.9130, 2.5095)	(0.0030, 0.0060, 0.0150)
02 Dünya — ölçülü ve kesintisiz/Çantanın gerçek yerleşim alanı/Kumaş bölme 4 5	(2.7240, 0.7295, -1.9035)	(2.8160, 0.7385, -1.8115)	(0.0920, 0.0090, 0.0920)
02 Dünya — ölçülü ve kesintisiz/Odada bulunacak · ComfortFox/Foot.001	(0.7080, 1.0010, 0.6850)	(0.7720, 1.0510, 0.7750)	(0.0640, 0.0500, 0.0900)
02 Dünya — ölçülü ve kesintisiz/Radyonun bütün çalışma parçaları/Radyonun ayar yüzü/Radyo kulp ayağı -1.97	(-1.9790, 0.8625, 2.5105)	(-1.9610, 0.8975, 2.5655)	(0.0180, 0.0350, 0.0550)
02 Dünya — ölçülü ve kesintisiz/Radyonun bütün çalışma parçaları/Radyonun ayar yüzü/Hoparlör deliği	(-1.9575, 0.9010, 2.3205)	(-1.9485, 0.9050, 2.3295)	(0.0090, 0.0040, 0.0090)
02 Dünya — ölçülü ve kesintisiz/Çantanın gerçek yerleşim alanı/PackingBagShell/PaddedEnd	(2.3150, 0.7080, -2.4335)	(2.8450, 0.7780, -2.3885)	(0.5300, 0.0700, 0.0450)
02 Dünya — ölçülü ve kesintisiz/HomeRoom/Sofa_Seat.001	(1.5150, 0.4300, -0.5750)	(2.4250, 0.6700, 0.2550)	(0.9100, 0.2400, 0.8300)
02 Dünya — ölçülü ve kesintisiz/Radyonun bütün çalışma parçaları/Ayarlanabilir radyo/SpeakerHole.009	(-1.9648, 0.7510, 2.2430)	(-1.9552, 0.7570, 2.2530)	(0.0095, 0.0060, 0.0100)
02 Dünya — ölçülü ve kesintisiz/Radyonun bütün çalışma parçaları/Radyonun ayar yüzü/Hoparlör deliği	(-1.8815, 0.9010, 2.3205)	(-1.8725, 0.9050, 2.3295)	(0.0090, 0.0040, 0.0090)
02 Dünya — ölçülü ve kesintisiz/Çantanın gerçek yerleşim alanı/Kumaş bölme 3 2	(2.6290, 0.7295, -2.1885)	(2.7210, 0.7385, -2.0965)	(0.0920, 0.0090, 0.0920)
02 Dünya — ölçülü ve kesintisiz/Radyonun bütün çalışma parçaları/Ayarlanabilir radyo/SpeakerHole.008	(-1.9648, 0.7510, 2.2680)	(-1.9552, 0.7570, 2.2780)	(0.0095, 0.0060, 0.0100)
02 Dünya — ölçülü ve kesintisiz/Radyonun bütün çalışma parçaları/Ayarlanabilir radyo/SpeakerHole.021	(-1.8898, 0.7510, 2.3180)	(-1.8802, 0.7570, 2.3280)	(0.0095, 0.0060, 0.0100)
02 Dünya — ölçülü ve kesintisiz/HomeRoom/PackingBench_Pad	(1.7700, 0.5250, -3.6400)	(3.3900, 0.6550, -1.6600)	(1.6200, 0.1300, 1.9800)
02 Dünya — ölçülü ve kesintisiz/HomeRoom/Sofa_CoralCushion	(2.7846, 0.5533, -0.2700)	(3.2754, 1.0267, -0.1100)	(0.4907, 0.4735, 0.1600)
02 Dünya — ölçülü ve kesintisiz/Ailecek denenen resimli mahalle planı/Yüksek bina	(2.8600, 1.2100, 1.3850)	(2.9800, 1.3400, 1.5150)	(0.1200, 0.1300, 0.1300)
02 Dünya — ölçülü ve kesintisiz/Pilli fener/Fenerin pil yuvası ve gerçek anahtarı/Fenerin kauçuk desteği -0.05	(-0.7125, 0.8160, 2.2800)	(-0.6875, 0.8485, 2.5200)	(0.0250, 0.0325, 0.2400)
02 Dünya — ölçülü ve kesintisiz/Radyonun bütün çalışma parçaları/Ayarlanabilir radyo/SpeakerHole.005	(-1.9648, 0.7510, 2.3430)	(-1.9552, 0.7570, 2.3530)	(0.0095, 0.0060, 0.0100)
02 Dünya — ölçülü ve kesintisiz/Hazırlanabilir raf/ShelfBoard	(2.8100, 0.4275, 2.8900)	(3.5700, 0.4725, 3.2100)	(0.7600, 0.0450, 0.3200)
02 Dünya — ölçülü ve kesintisiz/Çantanın gerçek yerleşim alanı/PackingBagShell/ShoulderStrap.001	(2.6755, 0.6750, -2.7059)	(2.7970, 0.7150, -2.3950)	(0.1215, 0.0399, 0.3109)
02 Dünya — ölçülü ve kesintisiz/Radyonun bütün çalışma parçaları/Ayarlanabilir radyo/SpeakerHole.014	(-1.9398, 0.7510, 2.2430)	(-1.9302, 0.7570, 2.2530)	(0.0095, 0.0060, 0.0100)
02 Dünya — ölçülü ve kesintisiz/Odada bulunacak · ComfortFox/Ear	(0.6320, 1.2170, 0.7260)	(0.6760, 1.2950, 0.7740)	(0.0440, 0.0780, 0.0480)
02 Dünya — ölçülü ve kesintisiz/Radyonun bütün çalışma parçaları/Radyonun ayar yüzü/Ayar yüzü	(-2.0600, 0.8600, 2.2800)	(-1.6800, 0.9000, 2.5200)	(0.3800, 0.0400, 0.2400)
02 Dünya — ölçülü ve kesintisiz/Yerleşim · Water/Water/Bottle	(2.2635, 0.6810, -2.7905)	(2.3465, 0.7640, -2.5868)	(0.0830, 0.0830, 0.2037)
02 Dünya — ölçülü ve kesintisiz/HomeRoom/BasilLeaf.018	(-3.0088, 0.6000, -2.6781)	(-2.6088, 0.7400, -2.4781)	(0.4000, 0.1400, 0.2000)
02 Dünya — ölçülü ve kesintisiz/Yerleşim · Radio/Radio/SpeakerHole.020	(2.6873, 0.7552, -2.6953)	(2.6929, 0.7585, -2.6899)	(0.0056, 0.0034, 0.0053)
02 Dünya — ölçülü ve kesintisiz/Pilli fener/GripRing.003	(-0.6850, 0.7850, 2.2770)	(-0.6150, 0.8550, 2.2850)	(0.0700, 0.0700, 0.0080)
02 Dünya — ölçülü ve kesintisiz/Çantanın kapanan dış yüzü/PaddedBack	(2.3460, 0.9316, -2.4252)	(2.8140, 1.0616, -1.7492)	(0.4680, 0.1300, 0.6760)
02 Dünya — ölçülü ve kesintisiz/HomeRoom/BasilStem.016	(-2.9955, 0.3251, -2.5147)	(-2.9223, 0.7749, -2.3098)	(0.0732, 0.4499, 0.2050)
02 Dünya — ölçülü ve kesintisiz/Efe’nin taşınabilir oyun kutusu/EndCarryLoop.002	(-2.4596, 0.6575, -3.3753)	(-2.3804, 0.6889, -3.2490)	(0.0792, 0.0314, 0.1263)
02 Dünya — ölçülü ve kesintisiz/HomeRoom/Living_Rug	(-1.4000, 0.0120, -1.2000)	(2.4000, 0.0380, 2.0000)	(3.8000, 0.0260, 3.2000)
02 Dünya — ölçülü ve kesintisiz/Yerleşim · Blanket/Yumuşak eşya altlığı	(2.4880, 0.6725, -3.0170)	(2.6720, 0.6805, -2.8330)	(0.1840, 0.0080, 0.1840)
02 Dünya — ölçülü ve kesintisiz/Yerleşim · Radio/Radio/SpeakerHole.011	(2.6732, 0.7552, -2.7234)	(2.6789, 0.7585, -2.7180)	(0.0056, 0.0034, 0.0053)
02 Dünya — ölçülü ve kesintisiz/Yerleşim · ComfortFox/ComfortFox/Muzzle	(2.8377, 0.7206, -3.1653)	(2.8723, 0.7374, -3.1420)	(0.0345, 0.0168, 0.0233)
02 Dünya — ölçülü ve kesintisiz/Çantanın gerçek yerleşim alanı/Kumaş bölme 0 3	(2.3440, 0.7295, -2.0935)	(2.4360, 0.7385, -2.0015)	(0.0920, 0.0090, 0.0920)
02 Dünya — ölçülü ve kesintisiz/Radyonun bütün çalışma parçaları/Yayın çizgisi	(-1.7875, 0.9070, 2.4875)	(-1.7845, 0.9130, 2.5165)	(0.0030, 0.0060, 0.0290)
02 Dünya — ölçülü ve kesintisiz/Çantanın gerçek yerleşim alanı/Kumaş bölme 2 5	(2.5340, 0.7295, -1.9035)	(2.6260, 0.7385, -1.8115)	(0.0920, 0.0090, 0.0920)
02 Dünya — ölçülü ve kesintisiz/Çantanın gerçek yerleşim alanı/Kumaş bölme 0 1	(2.3440, 0.7295, -2.2835)	(2.4360, 0.7385, -2.1915)	(0.0920, 0.0090, 0.0920)
02 Dünya — ölçülü ve kesintisiz/Efe’nin minder geçidi/Yumuşak geçit minderi -3.26/WovenCushionSeam	(-0.2240, 0.1035, -3.4300)	(-0.2140, 0.1165, -3.0900)	(0.0100, 0.0130, 0.3400)
02 Dünya — ölçülü ve kesintisiz/HomeRoom/BasilLeaf.005	(3.2423, 0.6600, -1.4055)	(3.6423, 0.8000, -1.2055)	(0.4000, 0.1400, 0.2000)
02 Dünya — ölçülü ve kesintisiz/HomeRoom/BasilLeaf.003	(3.3712, 0.5400, -1.1519)	(3.7712, 0.6800, -0.9519)	(0.4000, 0.1400, 0.2000)
02 Dünya — ölçülü ve kesintisiz/HomeRoom/BasilStem.002	(3.3845, 0.3251, -1.1447)	(3.4577, 0.7749, -0.9398)	(0.0732, 0.4499, 0.2050)
02 Dünya — ölçülü ve kesintisiz/HomeRoom/Sofa_Foot.003	(1.5400, 0.0000, 0.3900)	(1.6600, 0.2800, 0.5100)	(0.1200, 0.2800, 0.1200)
02 Dünya — ölçülü ve kesintisiz/Çantanın gerçek yerleşim alanı/Kumaş bölme 4 2	(2.7240, 0.7295, -2.1885)	(2.8160, 0.7385, -2.0965)	(0.0920, 0.0090, 0.0920)
02 Dünya — ölçülü ve kesintisiz/Ailecek denenen resimli mahalle planı/Plan karesi 1	(2.8160, 1.1875, 1.3460)	(3.0240, 1.2125, 1.5540)	(0.2080, 0.0250, 0.2080)
02 Dünya — ölçülü ve kesintisiz/Çantanın kapanan dış yüzü/CarryHandle	(2.4719, 0.9589, -2.5108)	(2.6881, 0.9953, -2.3896)	(0.2161, 0.0364, 0.1212)
02 Dünya — ölçülü ve kesintisiz/Odada bulunacak · FamilyCard/FamilyIcon	(2.0240, 0.6675, -2.6070)	(2.0660, 0.6795, -2.5650)	(0.0420, 0.0120, 0.0420)
02 Dünya — ölçülü ve kesintisiz/HomeRoom/Sofa_Foot.002	(1.5400, 0.0000, -0.6100)	(1.6600, 0.2800, -0.4900)	(0.1200, 0.2800, 0.1200)
02 Dünya — ölçülü ve kesintisiz/Radyonun bütün çalışma parçaları/Radyonun ayar yüzü/Hoparlör deliği	(-1.9575, 0.9010, 2.4045)	(-1.9485, 0.9050, 2.4135)	(0.0090, 0.0040, 0.0090)
02 Dünya — ölçülü ve kesintisiz/Efe’nin küçük köprü oyunu/ComfortFox/Muzzle	(0.2325, 1.0997, 0.6659)	(0.2462, 1.1187, 0.6941)	(0.0137, 0.0190, 0.0281)
02 Dünya — ölçülü ve kesintisiz/HomeRoom/BasilLeaf.016	(-3.1377, 0.6600, -2.4245)	(-2.7377, 0.8000, -2.2245)	(0.4000, 0.1400, 0.2000)
02 Dünya — ölçülü ve kesintisiz/HomeRoom/FloorBoard.010	(-0.3365, -0.0030, -3.8250)	(0.0365, 0.0150, 3.8250)	(0.3730, 0.0180, 7.6500)
02 Dünya — ölçülü ve kesintisiz/Radyonun bütün çalışma parçaları/Ayarlanabilir radyo/SpeakerHole.002	(-1.9898, 0.7510, 2.2930)	(-1.9802, 0.7570, 2.3030)	(0.0095, 0.0060, 0.0100)
02 Dünya — ölçülü ve kesintisiz/Pilli fener/Fenerin pil yuvası ve gerçek anahtarı/Fenerin kauçuk desteği 0.05	(-0.6125, 0.8160, 2.2800)	(-0.5875, 0.8485, 2.5200)	(0.0250, 0.0325, 0.2400)
02 Dünya — ölçülü ve kesintisiz/HomeRoom/BasilLeaf.013	(-3.7185, 0.5400, 3.2093)	(-3.3185, 0.6800, 3.4093)	(0.4000, 0.1400, 0.2000)
02 Dünya — ölçülü ve kesintisiz/Odada bulunacak · Water/DateMark	(-2.4780, 0.9235, 2.2410)	(-2.4220, 0.9485, 2.2470)	(0.0560, 0.0250, 0.0060)
02 Dünya — ölçülü ve kesintisiz/Radyonun bütün çalışma parçaları/Radyonun ayar yüzü/Hoparlör deliği	(-1.9195, 0.9010, 2.3205)	(-1.9105, 0.9050, 2.3295)	(0.0090, 0.0040, 0.0090)
02 Dünya — ölçülü ve kesintisiz/Efe’nin minder geçidi/Yumuşak geçit minderi -2.18/WovenCushionSeam.002	(-0.2240, 0.5335, -2.3500)	(-0.2140, 0.5465, -2.0100)	(0.0100, 0.0130, 0.3400)
02 Dünya — ölçülü ve kesintisiz/Odada bulunacak · Blanket/Blanket	(1.8250, 0.6710, -0.4028)	(2.1150, 0.7910, -0.2328)	(0.2900, 0.1200, 0.1700)
02 Dünya — ölçülü ve kesintisiz/Çantanın gerçek yerleşim alanı/Kumaş bölme 0 5	(2.3440, 0.7295, -1.9035)	(2.4360, 0.7385, -1.8115)	(0.0920, 0.0090, 0.0920)
02 Dünya — ölçülü ve kesintisiz/Radyonun bütün çalışma parçaları/Radyonun ayar yüzü/Hoparlör deliği	(-1.9385, 0.9010, 2.3765)	(-1.9295, 0.9050, 2.3855)	(0.0090, 0.0040, 0.0090)
02 Dünya — ölçülü ve kesintisiz/Radyonun bütün çalışma parçaları/Radyonun ayar yüzü/Hoparlör deliği	(-1.9765, 0.9010, 2.3205)	(-1.9675, 0.9050, 2.3295)	(0.0090, 0.0040, 0.0090)
02 Dünya — ölçülü ve kesintisiz/HomeRoom/CeramicPlantPot.001	(-3.5965, 0.0300, 3.2535)	(-3.2035, 0.3500, 3.6465)	(0.3931, 0.3200, 0.3931)
02 Dünya — ölçülü ve kesintisiz/Aile çantası/MainZip	(2.4089, 1.1344, -2.3790)	(2.7511, 1.1757, -2.3540)	(0.3423, 0.0413, 0.0250)
02 Dünya — ölçülü ve kesintisiz/Yerleşim · Food/KKTC_Pişirmeden yenebilir gıda	(2.8550, 0.7211, -2.9250)	(2.8550, 0.7211, -2.9250)	(0.0000, 0.0000, 0.0000)
02 Dünya — ölçülü ve kesintisiz/AA pil 1/+	(-0.8289, 0.8490, 2.3287)	(-0.8110, 0.8490, 2.3465)	(0.0178, 0.0000, 0.0178)
02 Dünya — ölçülü ve kesintisiz/Hazırlanabilir dolap/Frame	(-3.7400, 0.0450, 2.8100)	(-2.6200, 0.1150, 3.3100)	(1.1200, 0.0700, 0.5000)
02 Dünya — ölçülü ve kesintisiz/HomeRoom/Window_CrossHorizontal.001	(-2.1550, 1.9375, 3.5900)	(-0.6450, 2.0025, 3.6300)	(1.5100, 0.0650, 0.0400)
02 Dünya — ölçülü ve kesintisiz/HomeRoom/Architecture_Floor	(-3.9000, -0.2400, -3.9000)	(3.9000, 0.0000, 3.9000)	(7.8000, 0.2400, 7.8000)
02 Dünya — ölçülü ve kesintisiz/Efe’nin küçük köprü oyunu/ComfortFox/Paw.001	(0.2143, 1.0590, 0.6948)	(0.2333, 1.0970, 0.7138)	(0.0190, 0.0380, 0.0190)
02 Dünya — ölçülü ve kesintisiz/Aile çantası/BagBody	(2.3850, 0.7300, -2.3700)	(2.7750, 1.1700, -2.1800)	(0.3900, 0.4400, 0.1900)
02 Dünya — ölçülü ve kesintisiz/Radyonun bütün çalışma parçaları/Radyonun ayar yüzü/Hoparlör deliği	(-1.8815, 0.9010, 2.3485)	(-1.8725, 0.9050, 2.3575)	(0.0090, 0.0040, 0.0090)
02 Dünya — ölçülü ve kesintisiz/HomeRoom/FloorBoard.002	(2.7435, -0.0030, -3.8250)	(3.1165, 0.0150, 3.8250)	(0.3730, 0.0180, 7.6500)
02 Dünya — ölçülü ve kesintisiz/Ailecek denenen resimli mahalle planı/Plan karesi 6	(2.5960, 1.1875, 1.7860)	(2.8040, 1.2125, 1.9940)	(0.2080, 0.0250, 0.2080)
02 Dünya — ölçülü ve kesintisiz/Yerleşim · Radio/Radio/SpeakerHole.003	(2.6452, 0.7552, -2.7515)	(2.6508, 0.7585, -2.7461)	(0.0056, 0.0034, 0.0053)
02 Dünya — ölçülü ve kesintisiz/Efe’nin minder geçidi/Yumuşak geçit minderi -2.18/SoftPlayCushion	(-0.2200, 0.0050, -2.4100)	(0.0200, 0.2150, -1.9500)	(0.2400, 0.2100, 0.4600)
02 Dünya — ölçülü ve kesintisiz/NeighborhoodGround/KorkulukTutma	(-4.0570, 0.3537, -6.7082)	(-3.9630, 0.9163, -4.0418)	(0.0940, 0.5626, 2.6664)
02 Dünya — ölçülü ve kesintisiz/Efe’nin taşınabilir oyun kutusu/WoodenToyBridgePiece.001	(-2.5650, 0.6505, -2.9950)	(-2.4350, 0.6855, -2.8050)	(0.1300, 0.0350, 0.1900)
02 Dünya — ölçülü ve kesintisiz/Odada bulunacak · Blanket/Fold	(1.8400, 0.6910, -0.4073)	(2.1000, 0.6970, -0.4003)	(0.2600, 0.0060, 0.0070)
02 Dünya — ölçülü ve kesintisiz/HomeRoom/BasilStem.017	(-2.9956, 0.3234, -2.5165)	(-2.7932, 0.6566, -2.4054)	(0.2024, 0.3332, 0.1111)
02 Dünya — ölçülü ve kesintisiz/Efe’nin taşınabilir oyun kutusu/WideCarryLoop.001	(-2.4112, 0.6565, -3.0976)	(-2.2767, 0.6908, -2.9824)	(0.1344, 0.0343, 0.1152)
02 Dünya — ölçülü ve kesintisiz/Radyonun bütün çalışma parçaları/Radyonun ayar yüzü/Hoparlör deliği	(-1.8815, 0.9010, 2.4045)	(-1.8725, 0.9050, 2.4135)	(0.0090, 0.0040, 0.0090)
02 Dünya — ölçülü ve kesintisiz/NeighborhoodGround/Basamak2	(-4.0500, -0.6400, -6.5900)	(-2.1500, -0.4800, -6.1700)	(1.9000, 0.1600, 0.4200)
02 Dünya — ölçülü ve kesintisiz/Radyonun bütün çalışma parçaları/Ayarlanabilir radyo/SpeakerHole.012	(-1.9398, 0.7510, 2.2930)	(-1.9302, 0.7570, 2.3030)	(0.0095, 0.0060, 0.0100)
02 Dünya — ölçülü ve kesintisiz/Radyonun bütün çalışma parçaları/Ayarlanabilir radyo/SpeakerHole.010	(-1.9398, 0.7510, 2.3430)	(-1.9302, 0.7570, 2.3530)	(0.0095, 0.0060, 0.0100)
02 Dünya — ölçülü ve kesintisiz/Yerleşim · Water/Water/DateMark	(2.2839, 0.7625, -2.7094)	(2.3261, 0.7670, -2.6906)	(0.0423, 0.0045, 0.0189)
02 Dünya — ölçülü ve kesintisiz/Odada bulunacak · FamilyCard/FamilyBody.002	(1.9005, 0.6700, -2.5650)	(1.9295, 0.6770, -2.5250)	(0.0290, 0.0070, 0.0400)
02 Dünya — ölçülü ve kesintisiz/Hazırlanabilir dolap/Back	(-3.7400, 0.0000, 3.2600)	(-2.6200, 1.9200, 3.3100)	(1.1200, 1.9200, 0.0500)
02 Dünya — ölçülü ve kesintisiz/AA pil 2/Pil gövdesi	(-0.8340, 0.8160, 2.4130)	(-0.8060, 0.8440, 2.5170)	(0.0280, 0.0280, 0.1040)
02 Dünya — ölçülü ve kesintisiz/NeighborhoodGround/Korkuluk.002	(-4.0450, -0.0600, -5.4850)	(-3.9750, 0.7200, -5.4150)	(0.0700, 0.7800, 0.0700)
02 Dünya — ölçülü ve kesintisiz/Yerleşim · FamilyCard/FamilyCard/FamilyIcon	(2.3224, 0.6855, -3.1846)	(2.3390, 0.6903, -3.1680)	(0.0166, 0.0047, 0.0166)
02 Dünya — ölçülü ve kesintisiz/HomeRoom/Workbench_Leg.001	(-0.1700, 0.0000, 2.8000)	(-0.0700, 0.7400, 2.9000)	(0.1000, 0.7400, 0.1000)
02 Dünya — ölçülü ve kesintisiz/Radyonun bütün çalışma parçaları/Ayarlanabilir radyo/Display	(-1.8340, 0.7530, 2.2125)	(-1.7440, 0.7670, 2.2675)	(0.0900, 0.0140, 0.0550)
02 Dünya — ölçülü ve kesintisiz/Ailecek denenen resimli mahalle planı/Plan karesi 9	(2.5960, 1.1875, 2.0060)	(2.8040, 1.2125, 2.2140)	(0.2080, 0.0250, 0.2080)
02 Dünya — ölçülü ve kesintisiz/Radyonun bütün çalışma parçaları/Radyonun ayar yüzü/Hoparlör deliği	(-1.9195, 0.9010, 2.3765)	(-1.9105, 0.9050, 2.3855)	(0.0090, 0.0040, 0.0090)
02 Dünya — ölçülü ve kesintisiz/HomeRoom/BasilLeaf.015	(-3.2985, 0.6000, -2.4593)	(-2.8985, 0.7400, -2.2593)	(0.4000, 0.1400, 0.2000)
02 Dünya — ölçülü ve kesintisiz/Ailecek denenen resimli mahalle planı/Çatı	(2.8450, 1.3360, 1.5900)	(2.9950, 1.3640, 1.7500)	(0.1500, 0.0280, 0.1600)
02 Dünya — ölçülü ve kesintisiz/NeighborhoodGround/KorkulukTutma.001	(-2.2370, 0.3537, -6.7082)	(-2.1430, 0.9163, -4.0418)	(0.0940, 0.5626, 2.6664)
02 Dünya — ölçülü ve kesintisiz/Yerleşim · FirstAid/FirstAid/MedicalBarV	(2.2951, 0.7489, -2.9774)	(2.3149, 0.7540, -2.9153)	(0.0197, 0.0051, 0.0620)
02 Dünya — ölçülü ve kesintisiz/Çantanın gerçek yerleşim alanı/Kumaş bölme 4 4	(2.7240, 0.7295, -1.9985)	(2.8160, 0.7385, -1.9065)	(0.0920, 0.0090, 0.0920)
02 Dünya — ölçülü ve kesintisiz/Radyonun bütün çalışma parçaları/Ayarlanabilir radyo/SpeakerHole.003	(-1.9898, 0.7510, 2.2680)	(-1.9802, 0.7570, 2.2780)	(0.0095, 0.0060, 0.0100)
02 Dünya — ölçülü ve kesintisiz/Radyonun bütün çalışma parçaları/Frekans çizgisi	(-2.0200, 0.9030, 2.4690)	(-1.7200, 0.9070, 2.5170)	(0.3000, 0.0040, 0.0480)
02 Dünya — ölçülü ve kesintisiz/Efe’nin taşınabilir oyun kutusu/WoodenToyBridgePiece	(-2.5650, 0.6505, -2.7750)	(-2.4350, 0.6855, -2.5850)	(0.1300, 0.0350, 0.1900)
02 Dünya — ölçülü ve kesintisiz/Aile çantası/PaddedStrap	(2.4249, 0.7537, -2.1852)	(2.4829, 1.1940, -2.0206)	(0.0579, 0.4404, 0.1647)
02 Dünya — ölçülü ve kesintisiz/HomeRoom/BasilStem.003	(3.3844, 0.3234, -1.1465)	(3.5868, 0.6566, -1.0354)	(0.2024, 0.3332, 0.1111)
02 Dünya — ölçülü ve kesintisiz/Efe’nin minder geçidi/Oyun kutusunun alçak sehpası/LowToyShelfTop	(-2.6300, 0.5125, -3.3300)	(-2.3700, 0.5675, -2.4700)	(0.2600, 0.0550, 0.8600)
02 Dünya — ölçülü ve kesintisiz/Radyonun bütün çalışma parçaları/Ayarlanabilir radyo/SpeakerHole.023	(-1.8898, 0.7510, 2.2680)	(-1.8802, 0.7570, 2.2780)	(0.0095, 0.0060, 0.0100)
02 Dünya — ölçülü ve kesintisiz/Odada bulunacak · Food/Food	(-2.3784, 0.8160, 2.6634)	(-2.2216, 1.0460, 2.7366)	(0.1568, 0.2300, 0.0732)
02 Dünya — ölçülü ve kesintisiz/HomeRoom/BasilLeaf.017	(-3.0088, 0.5400, -2.5219)	(-2.6088, 0.6800, -2.3219)	(0.4000, 0.1400, 0.2000)
02 Dünya — ölçülü ve kesintisiz/Yerleşim · ComfortFox/Yumuşak eşya altlığı	(2.8105, 0.6725, -3.2620)	(2.8995, 0.6805, -3.0780)	(0.0890, 0.0080, 0.1840)
02 Dünya — ölçülü ve kesintisiz/HomeRoom/CeramicPlantPot.002	(-3.1765, 0.0300, -2.6965)	(-2.7835, 0.3500, -2.3035)	(0.3931, 0.3200, 0.3931)
02 Dünya — ölçülü ve kesintisiz/Radyonun bütün çalışma parçaları/Yayın çizgisi	(-1.9275, 0.9070, 2.4945)	(-1.9245, 0.9130, 2.5095)	(0.0030, 0.0060, 0.0150)
02 Dünya — ölçülü ve kesintisiz/Odada bulunacak · Food	(-2.3008, 0.8207, 2.6989)	(-2.2993, 0.8214, 2.7011)	(0.0015, 0.0007, 0.0022)
02 Dünya — ölçülü ve kesintisiz/HomeRoom/SafeTable_Leg.003	(-0.2975, 0.0000, 1.0625)	(-0.1825, 0.9000, 1.1775)	(0.1150, 0.9000, 0.1150)
02 Dünya — ölçülü ve kesintisiz/Radyonun bütün çalışma parçaları/Radyonun taşıyıcı gövdesi	(-2.0600, 0.8160, 2.2800)	(-1.6800, 0.8600, 2.5200)	(0.3800, 0.0440, 0.2400)
02 Dünya — ölçülü ve kesintisiz/Yerleşim · Radio/Radio/SpeakerHole	(2.6873, 0.7552, -2.7515)	(2.6929, 0.7585, -2.7461)	(0.0056, 0.0034, 0.0053)
02 Dünya — ölçülü ve kesintisiz/HomeRoom/BasilLeaf.020	(-3.2985, 0.5400, -2.7407)	(-2.8985, 0.6800, -2.5407)	(0.4000, 0.1400, 0.2000)
02 Dünya — ölçülü ve kesintisiz/Yerleşim · Whistle/Whistle/AirSlot	(2.5757, 0.6974, -3.1906)	(2.5844, 0.6994, -3.1839)	(0.0087, 0.0020, 0.0067)
02 Dünya — ölçülü ve kesintisiz/Yerleşim · Radio/Radio/SpeakerHole.006	(2.6732, 0.7552, -2.7374)	(2.6789, 0.7585, -2.7321)	(0.0056, 0.0034, 0.0053)
02 Dünya — ölçülü ve kesintisiz/Hazırlanabilir raf/Odada bulunacak · FirstAid/FirstAid	(3.0550, 1.2935, 2.9900)	(3.3450, 1.5235, 3.1100)	(0.2900, 0.2300, 0.1200)
02 Dünya — ölçülü ve kesintisiz/HomeRoom/BasilStem.010	(-3.4156, 0.3234, 3.4335)	(-3.2132, 0.6566, 3.5446)	(0.2024, 0.3332, 0.1111)
02 Dünya — ölçülü ve kesintisiz/Odada bulunacak · ComfortFox/Paw	(0.6110, 1.0510, 0.7150)	(0.6610, 1.1510, 0.7650)	(0.0500, 0.1000, 0.0500)
02 Dünya — ölçülü ve kesintisiz/Odada bulunacak · Blanket/Fold.002	(1.8400, 0.7370, -0.4073)	(2.1000, 0.7430, -0.4003)	(0.2600, 0.0060, 0.0070)
02 Dünya — ölçülü ve kesintisiz/HomeRoom/FamilyMap_Frame	(3.6900, 1.1700, 1.2500)	(3.8100, 2.0500, 2.4500)	(0.1200, 0.8800, 1.2000)
02 Dünya — ölçülü ve kesintisiz/Çantanın kapanan dış yüzü/MainZip	(2.3575, 0.7574, -2.3416)	(2.8025, 0.7899, -2.2879)	(0.4449, 0.0325, 0.0537)
02 Dünya — ölçülü ve kesintisiz/Hazırlanabilir raf/Book.008	(3.4550, 0.4750, 2.8900)	(3.5050, 0.7050, 3.0900)	(0.0500, 0.2300, 0.2000)
02 Dünya — ölçülü ve kesintisiz/Yerleşim · Radio/Radio/SpeakerHole.016	(2.6732, 0.7552, -2.7093)	(2.6789, 0.7585, -2.7040)	(0.0056, 0.0034, 0.0053)
02 Dünya — ölçülü ve kesintisiz/Çantanın gerçek yerleşim alanı/PackingBagShell/ZipAround	(2.2308, 0.7743, -2.4515)	(2.9795, 0.7857, -1.7385)	(0.7487, 0.0114, 0.7129)
02 Dünya — ölçülü ve kesintisiz/Çıkış önündeki hafif oyuncak kutusu/ToyBox	(-2.8800, 0.0400, -2.8450)	(-2.5200, 0.2800, -2.5950)	(0.3600, 0.2400, 0.2500)
02 Dünya — ölçülü ve kesintisiz/Hazırlanabilir raf/Odada bulunacak · FirstAid/MedicalBarV	(3.1825, 1.3585, 2.9805)	(3.2175, 1.4685, 2.9895)	(0.0350, 0.1100, 0.0090)
02 Dünya — ölçülü ve kesintisiz/Efe’nin taşınabilir oyun kutusu/ColouredPieceEnd.002	(-2.4820, 0.6860, -3.1900)	(-2.4540, 0.6940, -3.0500)	(0.0280, 0.0080, 0.1400)
02 Dünya — ölçülü ve kesintisiz/Radyonun bütün çalışma parçaları/Radyonun ayar yüzü/Hoparlör deliği	(-1.8625, 0.9010, 2.3485)	(-1.8535, 0.9050, 2.3575)	(0.0090, 0.0040, 0.0090)
02 Dünya — ölçülü ve kesintisiz/Yerleşim · Flashlight/Flashlight/GripRing.001	(2.8323, 0.6991, -2.7334)	(2.8777, 0.7444, -2.7282)	(0.0453, 0.0453, 0.0052)
02 Dünya — ölçülü ve kesintisiz/Odada bulunacak · Blanket/Fold.001	(1.8400, 0.7140, -0.4073)	(2.1000, 0.7200, -0.4003)	(0.2600, 0.0060, 0.0070)
02 Dünya — ölçülü ve kesintisiz/Yerleşim · Flashlight/Yumuşak eşya altlığı	(2.8105, 0.6725, -2.7720)	(2.8995, 0.6805, -2.5880)	(0.0890, 0.0080, 0.1840)
02 Dünya — ölçülü ve kesintisiz/Radyonun bütün çalışma parçaları/Radyonun ayar yüzü/Hoparlör deliği	(-1.9385, 0.9010, 2.3205)	(-1.9295, 0.9050, 2.3295)	(0.0090, 0.0040, 0.0090)
02 Dünya — ölçülü ve kesintisiz/Yerleşim · Flashlight/Flashlight/Lens	(2.8213, 0.6881, -2.5981)	(2.8887, 0.7554, -2.5910)	(0.0673, 0.0673, 0.0071)
02 Dünya — ölçülü ve kesintisiz/Kutunun güvenli köşesi	(-2.1250, 0.0440, -2.9950)	(-1.4750, 0.0600, -2.4450)	(0.6500, 0.0160, 0.5500)
02 Dünya — ölçülü ve kesintisiz/Pilli fener/Fenerin pil yuvası ve gerçek anahtarı/Gövde kenarı	(-0.7225, 0.8600, 2.2600)	(-0.7075, 0.9100, 2.5400)	(0.0150, 0.0500, 0.2800)
02 Dünya — ölçülü ve kesintisiz/HomeRoom/BasilStem.007	(-3.6012, 0.3234, 3.4370)	(-3.3888, 0.6566, 3.4630)	(0.2124, 0.3333, 0.0260)
02 Dünya — ölçülü ve kesintisiz/Radyonun bütün çalışma parçaları/Ayarlanabilir radyo/SpeakerHole.011	(-1.9398, 0.7510, 2.3180)	(-1.9302, 0.7570, 2.3280)	(0.0095, 0.0060, 0.0100)
02 Dünya — ölçülü ve kesintisiz/Hazırlanabilir raf/SafetyStrap/Webbing	(3.1700, 1.5000, 3.0440)	(3.2100, 1.8600, 3.0560)	(0.0400, 0.3600, 0.0120)
02 Dünya — ölçülü ve kesintisiz/HomeRoom/BasilStem.001	(3.2641, 0.3243, -1.1473)	(3.4175, 0.7157, -0.9719)	(0.1534, 0.3913, 0.1754)
02 Dünya — ölçülü ve kesintisiz/Ailecek denenen resimli mahalle planı/Plan karesi 8	(3.0360, 1.1875, 1.7860)	(3.2440, 1.2125, 1.9940)	(0.2080, 0.0250, 0.2080)
02 Dünya — ölçülü ve kesintisiz/Radyonun bütün çalışma parçaları/Radyonun ayar yüzü/Hoparlör deliği	(-1.9385, 0.9010, 2.3485)	(-1.9295, 0.9050, 2.3575)	(0.0090, 0.0040, 0.0090)
02 Dünya — ölçülü ve kesintisiz/Efe’nin küçük köprü oyunu/Köprü parçası 0	(0.2200, 1.0250, 0.1400)	(0.4000, 1.0650, 0.5200)	(0.1800, 0.0400, 0.3800)
02 Dünya — ölçülü ve kesintisiz/Radyonun bütün çalışma parçaları/Radyonun ayar yüzü/Hoparlör deliği	(-1.9955, 0.9010, 2.4045)	(-1.9865, 0.9050, 2.4135)	(0.0090, 0.0040, 0.0090)
02 Dünya — ölçülü ve kesintisiz/Efe’nin taşınabilir oyun kutusu/WideCarryLoop	(-2.4112, 0.6565, -2.8176)	(-2.2767, 0.6908, -2.7024)	(0.1344, 0.0343, 0.1152)
02 Dünya — ölçülü ve kesintisiz/Yerleşim · Radio/Radio/SpeakerHole.014	(2.6311, 0.7552, -2.7234)	(2.6367, 0.7585, -2.7180)	(0.0056, 0.0034, 0.0053)
02 Dünya — ölçülü ve kesintisiz/Efe’nin minder geçidi/Oyun kutusunun alçak sehpası/ShelfLowerBrace	(-2.5500, 0.1525, -3.2350)	(-2.4500, 0.1875, -2.5650)	(0.1000, 0.0350, 0.6700)
02 Dünya — ölçülü ve kesintisiz/Evin tamamlanmış yakın çevresi/Dairenin kesit altında temel	(-4.1000, -0.5100, -4.0500)	(4.1000, -0.0500, 4.0500)	(8.2000, 0.4600, 8.1000)
02 Dünya — ölçülü ve kesintisiz/Radyonun bütün çalışma parçaları/Ayarlanabilir radyo/SpeakerHole.022	(-1.8898, 0.7510, 2.2930)	(-1.8802, 0.7570, 2.3030)	(0.0095, 0.0060, 0.0100)
02 Dünya — ölçülü ve kesintisiz/HomeRoom/FloorBoard.006	(1.2035, -0.0030, -3.8250)	(1.5765, 0.0150, 3.8250)	(0.3730, 0.0180, 7.6500)
02 Dünya — ölçülü ve kesintisiz/HomeRoom/Sofa_Base	(1.3550, 0.1450, -0.6200)	(3.5050, 0.4950, 0.5000)	(2.1500, 0.3500, 1.1200)
02 Dünya — ölçülü ve kesintisiz/HomeRoom/SafeTable_Leg.002	(-0.2975, 0.0000, 0.3225)	(-0.1825, 0.9000, 0.4375)	(0.1150, 0.9000, 0.1150)
02 Dünya — ölçülü ve kesintisiz/Yerleşim · Radio/Radio/SpeakerHole.004	(2.6311, 0.7552, -2.7515)	(2.6367, 0.7585, -2.7461)	(0.0056, 0.0034, 0.0053)
02 Dünya — ölçülü ve kesintisiz/Yerleşim · Whistle/Whistle/Mouthpiece	(2.5736, 0.6857, -3.2115)	(2.5864, 0.6951, -3.1898)	(0.0127, 0.0094, 0.0217)
02 Dünya — ölçülü ve kesintisiz/Hazırlanabilir dolap/SafetyStrap/Webbing	(-3.2000, 1.5000, 3.0540)	(-3.1600, 1.8600, 3.0660)	(0.0400, 0.3600, 0.0120)
02 Dünya — ölçülü ve kesintisiz/Çantanın kapanan dış yüzü/SidePocket	(2.2739, 0.8276, -2.0547)	(2.3454, 0.9836, -1.8077)	(0.0715, 0.1560, 0.2470)
02 Dünya — ölçülü ve kesintisiz/HomeRoom/FamilyMap_Paper	(3.6500, 1.2350, 1.3150)	(3.6900, 1.9850, 2.3850)	(0.0400, 0.7500, 1.0700)
02 Dünya — ölçülü ve kesintisiz/Yerleşim · ComfortFox/ComfortFox/Foot	(2.8214, 0.6936, -3.2385)	(2.8513, 0.7356, -3.2152)	(0.0298, 0.0420, 0.0233)
02 Dünya — ölçülü ve kesintisiz/Yerleşim · Whistle/Whistle/Cord	(2.5502, 0.6881, -3.1721)	(2.6098, 0.6906, -3.1285)	(0.0595, 0.0025, 0.0436)
02 Dünya — ölçülü ve kesintisiz/HomeRoom/FloorBoard.016	(-2.6465, -0.0030, -3.8250)	(-2.2735, 0.0150, 3.8250)	(0.3730, 0.0180, 7.6500)
02 Dünya — ölçülü ve kesintisiz/HomeRoom/Window_CrossHorizontal	(1.4450, 1.9375, 3.5900)	(2.9550, 2.0025, 3.6300)	(1.5100, 0.0650, 0.0400)
02 Dünya — ölçülü ve kesintisiz/Odada bulunacak · Water/Label	(-2.5050, 0.9010, 2.2450)	(-2.3950, 0.9710, 2.3550)	(0.1100, 0.0700, 0.1100)
02 Dünya — ölçülü ve kesintisiz/Odada bulunacak · FamilyCard/FamilyIcon.001	(1.9590, 0.6675, -2.6070)	(2.0010, 0.6795, -2.5650)	(0.0420, 0.0120, 0.0420)
02 Dünya — ölçülü ve kesintisiz/Yerleşim · FirstAid/FirstAid/FirstAid	(2.2232, 0.6810, -3.0140)	(2.3868, 0.7487, -2.8843)	(0.1635, 0.0677, 0.1297)
02 Dünya — ölçülü ve kesintisiz/Aile çantası/PaddedBack	(2.4000, 0.7200, -2.2450)	(2.7600, 1.2400, -2.1450)	(0.3600, 0.5200, 0.1000)
02 Dünya — ölçülü ve kesintisiz/Hazırlanabilir dolap/SafetyStrap/Buckle	(-3.2135, 1.6220, 3.0390)	(-3.1465, 1.6780, 3.0610)	(0.0670, 0.0560, 0.0220)
02 Dünya — ölçülü ve kesintisiz/HomeRoom/BasilLeaf.012	(-3.5577, 0.6600, 3.1745)	(-3.1577, 0.8000, 3.3745)	(0.4000, 0.1400, 0.2000)
02 Dünya — ölçülü ve kesintisiz/Radyonun bütün çalışma parçaları/Frekans göstergesi	(-1.9960, 0.9070, 2.4720)	(-1.9840, 0.9170, 2.5140)	(0.0120, 0.0100, 0.0420)
02 Dünya — ölçülü ve kesintisiz/Odada bulunacak · Whistle/Body	(1.9525, 0.6560, -2.2670)	(2.0275, 0.7060, -2.2120)	(0.0750, 0.0500, 0.0550)
02 Dünya — ölçülü ve kesintisiz/Yerleşim · Flashlight/Flashlight/Grip	(2.8307, 0.6975, -2.7690)	(2.8793, 0.7461, -2.6460)	(0.0486, 0.0486, 0.1230)
02 Dünya — ölçülü ve kesintisiz/Efe’nin minder geçidi/Yumuşak geçit minderi -2.18/SoftPlayCushion.001	(-0.2200, 0.2200, -2.4100)	(0.0200, 0.4300, -1.9500)	(0.2400, 0.2100, 0.4600)
02 Dünya — ölçülü ve kesintisiz/Yerleşim · Radio/Radio/Body	(2.5873, 0.6903, -2.7685)	(2.7165, 0.7493, -2.5999)	(0.1292, 0.0590, 0.1685)
02 Dünya — ölçülü ve kesintisiz/HomeRoom/BasilLeaf	(3.0100, 0.5400, -1.2300)	(3.4100, 0.6800, -1.0300)	(0.4000, 0.1400, 0.2000)
02 Dünya — ölçülü ve kesintisiz/Efe’nin taşınabilir oyun kutusu/EndCarryLoop.003	(-2.6196, 0.6575, -3.3753)	(-2.5404, 0.6889, -3.2490)	(0.0792, 0.0314, 0.1263)
02 Dünya — ölçülü ve kesintisiz/Evin tamamlanmış yakın çevresi/Kapı önü taş döşeme	(-3.7000, -0.5200, -6.6000)	(5.0000, -0.4400, -3.8000)	(8.7000, 0.0800, 2.8000)
02 Dünya — ölçülü ve kesintisiz/Hazırlanabilir dolap/Side	(-3.7400, 0.0000, 2.8100)	(-3.6700, 1.9200, 3.3100)	(0.0700, 1.9200, 0.5000)
02 Dünya — ölçülü ve kesintisiz/Çantanın gerçek yerleşim alanı/Kumaş bölme 4 0	(2.7240, 0.7295, -2.3785)	(2.8160, 0.7385, -2.2865)	(0.0920, 0.0090, 0.0920)
02 Dünya — ölçülü ve kesintisiz/HomeRoom/PackingBench	(1.7650, 0.0050, -3.6400)	(3.3950, 0.5550, -1.6600)	(1.6300, 0.5500, 1.9800)
02 Dünya — ölçülü ve kesintisiz/HomeRoom/Rug_Edge.002	(-1.2750, 0.0380, -1.0975)	(2.2750, 0.0440, -1.0425)	(3.5500, 0.0060, 0.0550)
02 Dünya — ölçülü ve kesintisiz/HomeRoom/FloorBoard.013	(-1.4915, -0.0030, -3.8250)	(-1.1185, 0.0150, 3.8250)	(0.3730, 0.0180, 7.6500)
02 Dünya — ölçülü ve kesintisiz/Yerleşim · ComfortFox/ComfortFox/Head	(2.8210, 0.6810, -3.1751)	(2.8890, 0.7314, -3.1154)	(0.0681, 0.0504, 0.0597)
02 Dünya — ölçülü ve kesintisiz/Hazırlanabilir raf/ShelfBoard.002	(2.8100, 1.2475, 2.8900)	(3.5700, 1.2925, 3.2100)	(0.7600, 0.0450, 0.3200)
02 Dünya — ölçülü ve kesintisiz/HomeRoom/BasilStem.012	(-3.4155, 0.3251, 3.2598)	(-3.3423, 0.7749, 3.4647)	(0.0732, 0.4499, 0.2050)
02 Dünya — ölçülü ve kesintisiz/HomeRoom/Window_Sill.001	(-2.2250, 1.1000, 3.5100)	(-0.5750, 1.2200, 3.8500)	(1.6500, 0.1200, 0.3400)
02 Dünya — ölçülü ve kesintisiz/Yerleşim · Flashlight/Flashlight/GripRing.002	(2.8323, 0.6991, -2.7205)	(2.8777, 0.7444, -2.7153)	(0.0453, 0.0453, 0.0052)
02 Dünya — ölçülü ve kesintisiz/HomeRoom/BasilStem	(3.1988, 0.3234, -1.1430)	(3.4112, 0.6566, -1.1170)	(0.2124, 0.3333, 0.0260)
02 Dünya — ölçülü ve kesintisiz/Yerleşim · Whistle/Whistle/Body	(2.5675, 0.6810, -3.1924)	(2.5925, 0.6977, -3.1740)	(0.0251, 0.0167, 0.0184)
02 Dünya — ölçülü ve kesintisiz/HomeRoom/FloorBoard.008	(0.4335, -0.0030, -3.8250)	(0.8065, 0.0150, 3.8250)	(0.3730, 0.0180, 7.6500)
02 Dünya — ölçülü ve kesintisiz/Pilli fener/Switch	(-0.6640, 0.7740, 2.2100)	(-0.6360, 0.7880, 2.2500)	(0.0280, 0.0140, 0.0400)
02 Dünya — ölçülü ve kesintisiz/HomeRoom/FloorBoard.017	(-3.0315, -0.0030, -3.8250)	(-2.6585, 0.0150, 3.8250)	(0.3730, 0.0180, 7.6500)
02 Dünya — ölçülü ve kesintisiz/Efe’nin taşınabilir oyun kutusu/FamilyTreeTrunk	(-2.5465, 0.7000, -3.1645)	(-2.5035, 0.7100, -3.1455)	(0.0430, 0.0100, 0.0190)
02 Dünya — ölçülü ve kesintisiz/Radyonun bütün çalışma parçaları/Radyonun ayar yüzü/Hoparlör deliği	(-1.8815, 0.9010, 2.3765)	(-1.8725, 0.9050, 2.3855)	(0.0090, 0.0040, 0.0090)
02 Dünya — ölçülü ve kesintisiz/Çantanın kapanan dış yüzü/Lid	(2.3330, 0.7756, -2.3927)	(2.8270, 1.0356, -2.2757)	(0.4940, 0.2600, 0.1170)
02 Dünya — ölçülü ve kesintisiz/Radyonun bütün çalışma parçaları/Radyonun ayar yüzü/Radyo kulp ayağı -1.77	(-1.7790, 0.8625, 2.5105)	(-1.7610, 0.8975, 2.5655)	(0.0180, 0.0350, 0.0550)
02 Dünya — ölçülü ve kesintisiz/HomeRoom/Sofa_Seat	(2.4750, 0.4300, -0.5750)	(3.3850, 0.6700, 0.2550)	(0.9100, 0.2400, 0.8300)
02 Dünya — ölçülü ve kesintisiz/Hazırlanabilir dolap/Frame.001	(-3.7400, 1.8450, 2.8100)	(-2.6200, 1.9150, 3.3100)	(1.1200, 0.0700, 0.5000)
02 Dünya — ölçülü ve kesintisiz/Radyonun bütün çalışma parçaları/Yayın çizgisi	(-1.7595, 0.9070, 2.4945)	(-1.7565, 0.9130, 2.5095)	(0.0030, 0.0060, 0.0150)
02 Dünya — ölçülü ve kesintisiz/HomeRoom/Sofa_Arm.001	(1.3400, 0.3200, -0.6550)	(1.6000, 1.0000, 0.4950)	(0.2600, 0.6800, 1.1500)
02 Dünya — ölçülü ve kesintisiz/Yerleşim · ComfortFox/ComfortFox/Ear.001	(2.8662, 0.6941, -3.1378)	(2.8867, 0.7164, -3.1015)	(0.0205, 0.0224, 0.0364)
02 Dünya — ölçülü ve kesintisiz/Yerleşim · Water/Water/Cap	(2.2839, 0.7014, -2.5906)	(2.3261, 0.7436, -2.5695)	(0.0423, 0.0423, 0.0211)
02 Dünya — ölçülü ve kesintisiz/Hazırlanabilir raf/Book.004	(3.1550, 0.4750, 2.8900)	(3.2050, 0.7050, 3.0900)	(0.0500, 0.2300, 0.2000)
02 Dünya — ölçülü ve kesintisiz/Pilli fener/Fenerin pil yuvası ve gerçek anahtarı/+	(-0.6373, 0.9150, 2.2522)	(-0.5706, 0.9150, 2.3190)	(0.0668, 0.0000, 0.0668)
02 Dünya — ölçülü ve kesintisiz/HomeRoom/FamilyMap_TreeMark.002	(3.6000, 1.6900, 1.9900)	(3.6600, 1.9900, 2.2900)	(0.0600, 0.3000, 0.3000)
02 Dünya — ölçülü ve kesintisiz/Yerleşim · Whistle/Yumuşak eşya altlığı	(2.5355, 0.6725, -3.2145)	(2.6245, 0.6805, -3.1255)	(0.0890, 0.0080, 0.0890)
02 Dünya — ölçülü ve kesintisiz/HomeRoom/FloorBoard.004	(1.9735, -0.0030, -3.8250)	(2.3465, 0.0150, 3.8250)	(0.3730, 0.0180, 7.6500)
02 Dünya — ölçülü ve kesintisiz/HomeRoom/FamilyMap_TreeMark	(3.6000, 1.2500, 1.3800)	(3.6600, 1.5500, 1.6800)	(0.0600, 0.3000, 0.3000)
02 Dünya — ölçülü ve kesintisiz/NeighborhoodGround/ApartmanTemeli	(-3.9000, -0.6800, -3.9000)	(3.9000, -0.0600, 3.9000)	(7.8000, 0.6200, 7.8000)
02 Dünya — ölçülü ve kesintisiz/Çantanın gerçek yerleşim alanı/PackingBagShell/PaddedSide	(2.2875, 0.7080, -2.4200)	(2.3345, 0.7780, -1.7700)	(0.0470, 0.0700, 0.6500)
02 Dünya — ölçülü ve kesintisiz/Radyonun bütün çalışma parçaları/Ayarlanabilir radyo/SpeakerHole.001	(-1.9898, 0.7510, 2.3180)	(-1.9802, 0.7570, 2.3280)	(0.0095, 0.0060, 0.0100)
02 Dünya — ölçülü ve kesintisiz/HomeRoom/FloorBoard.018	(-3.4165, -0.0030, -3.8250)	(-3.0435, 0.0150, 3.8250)	(0.3730, 0.0180, 7.6500)
02 Dünya — ölçülü ve kesintisiz/HomeRoom/Rug_Edge	(2.2925, 0.0380, -1.1000)	(2.3475, 0.0440, 1.9000)	(0.0550, 0.0060, 3.0000)
02 Dünya — ölçülü ve kesintisiz/Çantanın gerçek yerleşim alanı/Kumaş bölme 3 0	(2.6290, 0.7295, -2.3785)	(2.7210, 0.7385, -2.2865)	(0.0920, 0.0090, 0.0920)
02 Dünya — ölçülü ve kesintisiz/Yerleşim · Radio/Radio/Dial	(2.6676, 0.7523, -2.6477)	(2.6957, 0.7658, -2.6196)	(0.0281, 0.0135, 0.0281)
02 Dünya — ölçülü ve kesintisiz/Pilli fener/GripRing.002	(-0.6850, 0.7850, 2.2970)	(-0.6150, 0.8550, 2.3050)	(0.0700, 0.0700, 0.0080)
02 Dünya — ölçülü ve kesintisiz/Yerleşim · Radio/Radio/Display	(2.6140, 0.7495, -2.6640)	(2.6449, 0.7574, -2.6134)	(0.0309, 0.0079, 0.0506)
02 Dünya — ölçülü ve kesintisiz/Radyonun bütün çalışma parçaları/Radyonun ayar yüzü/Hoparlör deliği	(-1.9765, 0.9010, 2.3485)	(-1.9675, 0.9050, 2.3575)	(0.0090, 0.0040, 0.0090)
02 Dünya — ölçülü ve kesintisiz/Pilli fener/GripRing.001	(-0.6850, 0.7850, 2.3170)	(-0.6150, 0.8550, 2.3250)	(0.0700, 0.0700, 0.0080)
02 Dünya — ölçülü ve kesintisiz/Odada bulunacak · FamilyCard/FamilyBody	(2.0305, 0.6700, -2.5650)	(2.0595, 0.6770, -2.5250)	(0.0290, 0.0070, 0.0400)
02 Dünya — ölçülü ve kesintisiz/Radyonun bütün çalışma parçaları/Yayın çizgisi	(-1.8155, 0.9070, 2.4945)	(-1.8125, 0.9130, 2.5095)	(0.0030, 0.0060, 0.0150)
02 Dünya — ölçülü ve kesintisiz/Ailecek denenen resimli mahalle planı/Yüksek bina	(2.8600, 1.2100, 1.6050)	(2.9800, 1.3400, 1.7350)	(0.1200, 0.1300, 0.1300)
02 Dünya — ölçülü ve kesintisiz/Odada bulunacak · Blanket/Fold.003	(1.8400, 0.7600, -0.4073)	(2.1000, 0.7660, -0.4003)	(0.2600, 0.0060, 0.0070)
02 Dünya — ölçülü ve kesintisiz/Yerleşim · Blanket/Blanket/Blanket	(2.4910, 0.6810, -2.9758)	(2.6690, 0.7547, -2.8714)	(0.1780, 0.0737, 0.1043)
02 Dünya — ölçülü ve kesintisiz/Apartmana açılan kapı/Kapalı kapı/Kapı kolu	(-2.7640, 0.7360, -3.8890)	(-2.6680, 0.8640, -3.8810)	(0.0960, 0.1280, 0.0080)
02 Dünya — ölçülü ve kesintisiz/Yerleşim · Radio/Radio/SpeakerHole.002	(2.6592, 0.7552, -2.7515)	(2.6648, 0.7585, -2.7461)	(0.0056, 0.0034, 0.0053)
02 Dünya — ölçülü ve kesintisiz/HomeRoom/BasilStem.006	(3.2643, 0.3235, -1.2877)	(3.4172, 0.6565, -1.1130)	(0.1529, 0.3330, 0.1747)
02 Dünya — ölçülü ve kesintisiz/HomeRoom/BasilLeaf.019	(-3.1377, 0.6600, -2.7755)	(-2.7377, 0.8000, -2.5755)	(0.4000, 0.1400, 0.2000)
02 Dünya — ölçülü ve kesintisiz/Radyonun bütün çalışma parçaları/Yayın çizgisi	(-1.9555, 0.9070, 2.4875)	(-1.9525, 0.9130, 2.5165)	(0.0030, 0.0060, 0.0290)
02 Dünya — ölçülü ve kesintisiz/HomeRoom/BasilStem.011	(-3.4160, 0.3242, 3.3552)	(-3.2128, 0.7158, 3.4667)	(0.2032, 0.3915, 0.1114)
02 Dünya — ölçülü ve kesintisiz/Efe’nin taşınabilir oyun kutusu/EndCarryLoop.001	(-2.6196, 0.6575, -2.5510)	(-2.5404, 0.6889, -2.4247)	(0.0792, 0.0314, 0.1263)
02 Dünya — ölçülü ve kesintisiz/Radyonun bütün çalışma parçaları/Yayın netleşti	(-1.7215, 0.9110, 2.4785)	(-1.6985, 0.9210, 2.5015)	(0.0230, 0.0100, 0.0230)
02 Dünya — ölçülü ve kesintisiz/Radyonun bütün çalışma parçaları/Yayın çizgisi	(-1.8435, 0.9070, 2.4875)	(-1.8405, 0.9130, 2.5165)	(0.0030, 0.0060, 0.0290)
02 Dünya — ölçülü ve kesintisiz/HomeRoom/BasilLeaf.006	(3.0815, 0.5400, -1.3707)	(3.4815, 0.6800, -1.1707)	(0.4000, 0.1400, 0.2000)
02 Dünya — ölçülü ve kesintisiz/Odada bulunacak · ComfortFox/Eye	(0.6650, 1.2010, 0.6930)	(0.6790, 1.2210, 0.7030)	(0.0140, 0.0200, 0.0100)
02 Dünya — ölçülü ve kesintisiz/Çantanın gerçek yerleşim alanı/Kumaş bölme 4 1	(2.7240, 0.7295, -2.2835)	(2.8160, 0.7385, -2.1915)	(0.0920, 0.0090, 0.0920)
02 Dünya — ölçülü ve kesintisiz/Hazırlanabilir raf/Book	(2.8550, 0.4750, 2.8900)	(2.9050, 0.7050, 3.0900)	(0.0500, 0.2300, 0.2000)
02 Dünya — ölçülü ve kesintisiz/Radyonun bütün çalışma parçaları/Radyonun ayar yüzü/Hoparlör deliği	(-2.0145, 0.9010, 2.4045)	(-2.0055, 0.9050, 2.4135)	(0.0090, 0.0040, 0.0090)
02 Dünya — ölçülü ve kesintisiz/HomeRoom/Architecture_WestWall	(3.8200, 0.0000, -3.9500)	(3.9800, 3.0000, 3.9500)	(0.1600, 3.0000, 7.9000)
02 Dünya — ölçülü ve kesintisiz/Yerleşim · Radio/Radio/SpeakerHole.007	(2.6592, 0.7552, -2.7374)	(2.6648, 0.7585, -2.7321)	(0.0056, 0.0034, 0.0053)
02 Dünya — ölçülü ve kesintisiz/Efe’nin taşınabilir oyun kutusu/WoodenToyBridgePiece.002	(-2.5650, 0.6505, -3.2150)	(-2.4350, 0.6855, -3.0250)	(0.1300, 0.0350, 0.1900)
02 Dünya — ölçülü ve kesintisiz/Çantanın gerçek yerleşim alanı/Kumaş bölme 1 0	(2.4390, 0.7295, -2.3785)	(2.5310, 0.7385, -2.2865)	(0.0920, 0.0090, 0.0920)
02 Dünya — ölçülü ve kesintisiz/Efe’nin taşınabilir oyun kutusu/FoldedLongRim.001	(-2.6000, 0.6425, -3.2500)	(-2.5820, 0.7075, -2.5500)	(0.0180, 0.0650, 0.7000)
02 Dünya — ölçülü ve kesintisiz/Yerleşim · Radio/Radio/SpeakerHole.018	(2.6452, 0.7552, -2.7093)	(2.6508, 0.7585, -2.7040)	(0.0056, 0.0034, 0.0053)
02 Dünya — ölçülü ve kesintisiz/Yerleşim · Blanket/Blanket/Fold.002	(2.5002, 0.7215, -2.9786)	(2.6598, 0.7252, -2.9743)	(0.1596, 0.0037, 0.0043)
02 Dünya — ölçülü ve kesintisiz/NeighborhoodGround/Korkuluk	(-4.0450, 0.1000, -4.1350)	(-3.9750, 0.8800, -4.0650)	(0.0700, 0.7800, 0.0700)
02 Dünya — ölçülü ve kesintisiz/HomeRoom/Skirting_West	(3.7650, 0.0100, -3.8500)	(3.8150, 0.2700, 3.8500)	(0.0500, 0.2600, 7.7000)
02 Dünya — ölçülü ve kesintisiz/Ailecek denenen resimli mahalle planı/Plan karesi 0	(2.5960, 1.1875, 1.3460)	(2.8040, 1.2125, 1.5540)	(0.2080, 0.0250, 0.2080)
02 Dünya — ölçülü ve kesintisiz/HomeRoom/FloorBoard.014	(-1.8765, -0.0030, -3.8250)	(-1.5035, 0.0150, 3.8250)	(0.3730, 0.0180, 7.6500)
02 Dünya — ölçülü ve kesintisiz/Ailecek denenen resimli mahalle planı/Plan karesi 11	(3.0360, 1.1875, 2.0060)	(3.2440, 1.2125, 2.2140)	(0.2080, 0.0250, 0.2080)
02 Dünya — ölçülü ve kesintisiz/HomeRoom/Workbench_Handle	(-1.5000, 0.6010, 2.0010)	(-1.0000, 0.6390, 2.0390)	(0.5000, 0.0380, 0.0380)
02 Dünya — ölçülü ve kesintisiz/Yerleşim · Radio/Radio/SpeakerHole.017	(2.6592, 0.7552, -2.7093)	(2.6648, 0.7585, -2.7040)	(0.0056, 0.0034, 0.0053)
02 Dünya — ölçülü ve kesintisiz/Çantanın gerçek yerleşim alanı/Kumaş bölme 1 5	(2.4390, 0.7295, -1.9035)	(2.5310, 0.7385, -1.8115)	(0.0920, 0.0090, 0.0920)
02 Dünya — ölçülü ve kesintisiz/NeighborhoodGround/Korkuluk.006	(-2.2250, 0.1000, -4.8350)	(-2.1550, 0.8800, -4.7650)	(0.0700, 0.7800, 0.0700)
02 Dünya — ölçülü ve kesintisiz/Aile çantası/FrontPocket	(2.4350, 0.7550, -2.4450)	(2.7250, 0.9850, -2.3550)	(0.2900, 0.2300, 0.0900)
02 Dünya — ölçülü ve kesintisiz/Pilli fener/Fenerin pil yuvası ve gerçek anahtarı/Gövde tabanı	(-0.7200, 0.8485, 2.2600)	(-0.5800, 0.8715, 2.5400)	(0.1400, 0.0230, 0.2800)
02 Dünya — ölçülü ve kesintisiz/HomeRoom/BasilLeaf.004	(3.3712, 0.6000, -1.3081)	(3.7712, 0.7400, -1.1081)	(0.4000, 0.1400, 0.2000)
02 Dünya — ölçülü ve kesintisiz/Radyonun bütün çalışma parçaları/Radyonun ayar yüzü/Hoparlör deliği	(-1.8625, 0.9010, 2.4045)	(-1.8535, 0.9050, 2.4135)	(0.0090, 0.0040, 0.0090)
02 Dünya — ölçülü ve kesintisiz/HomeRoom/BasilLeaf.011	(-3.4288, 0.6000, 3.2719)	(-3.0288, 0.7400, 3.4719)	(0.4000, 0.1400, 0.2000)
02 Dünya — ölçülü ve kesintisiz/AA pil 1/Pil gövdesi	(-0.8340, 0.8160, 2.2680)	(-0.8060, 0.8440, 2.3720)	(0.0280, 0.0280, 0.1040)
02 Dünya — ölçülü ve kesintisiz/Efe’nin taşınabilir oyun kutusu/ColouredPieceEnd	(-2.4820, 0.6860, -2.7500)	(-2.4540, 0.6940, -2.6100)	(0.0280, 0.0080, 0.1400)
02 Dünya — ölçülü ve kesintisiz/Efe’nin minder geçidi/Yumuşak geçit minderi -3.26/SoftPlayCushion.002	(-0.2200, 0.4350, -3.4900)	(0.0200, 0.6450, -3.0300)	(0.2400, 0.2100, 0.4600)
02 Dünya — ölçülü ve kesintisiz/Pilli fener/Fenerin pil yuvası ve gerçek anahtarı/+	(-0.7293, 0.9150, 2.4142)	(-0.6626, 0.9150, 2.4810)	(0.0668, 0.0000, 0.0668)
02 Dünya — ölçülü ve kesintisiz/HomeRoom/Workbench_Top	(-2.5250, 0.7250, 2.1250)	(0.0250, 0.8150, 2.9750)	(2.5500, 0.0900, 0.8500)
02 Dünya — ölçülü ve kesintisiz/Radyonun bütün çalışma parçaları/Frekans düğmesi/Düğmenin işareti	(-1.7810, 0.9377, 2.4158)	(-1.7710, 0.9404, 2.4473)	(0.0100, 0.0027, 0.0315)
02 Dünya — ölçülü ve kesintisiz/Radyonun bütün çalışma parçaları/Ayarlanabilir radyo/SpeakerHole.020	(-1.8898, 0.7510, 2.3430)	(-1.8802, 0.7570, 2.3530)	(0.0095, 0.0060, 0.0100)
02 Dünya — ölçülü ve kesintisiz/HomeRoom/BasilStem.018	(-2.9960, 0.3242, -2.5948)	(-2.7928, 0.7158, -2.4833)	(0.2032, 0.3915, 0.1114)
02 Dünya — ölçülü ve kesintisiz/Yerleşim · Blanket/Blanket/Fold.001	(2.5002, 0.7074, -2.9786)	(2.6598, 0.7111, -2.9743)	(0.1596, 0.0037, 0.0043)
02 Dünya — ölçülü ve kesintisiz/Kapı yan duvarı	(-3.9000, 0.0000, -3.8900)	(-3.7800, 0.5000, -3.7700)	(0.1200, 0.5000, 0.1200)
02 Dünya — ölçülü ve kesintisiz/Yerleşim · ComfortFox/ComfortFox/Paw.001	(2.8732, 0.6983, -3.2152)	(2.8965, 0.7216, -3.1686)	(0.0233, 0.0233, 0.0466)
02 Dünya — ölçülü ve kesintisiz/Yerleşim · Food/Food/Food	(2.7941, 0.6810, -2.9665)	(2.9159, 0.7197, -2.8835)	(0.1217, 0.0387, 0.0830)
02 Dünya — ölçülü ve kesintisiz/Pilli fener/Fenerin pil yuvası ve gerçek anahtarı/Metal temas	(-0.6325, 0.8880, 2.3060)	(-0.6055, 0.9020, 2.3120)	(0.0270, 0.0140, 0.0060)
02 Dünya — ölçülü ve kesintisiz/NeighborhoodGround/Korkuluk.005	(-2.2250, 0.1000, -4.1350)	(-2.1550, 0.8800, -4.0650)	(0.0700, 0.7800, 0.0700)
02 Dünya — ölçülü ve kesintisiz/Çantanın gerçek yerleşim alanı/PackingBagShell/Handle	(2.4786, 0.7179, -1.7659)	(2.6814, 0.7548, -1.6188)	(0.2028, 0.0369, 0.1472)
02 Dünya — ölçülü ve kesintisiz/HomeRoom/Workbench_Leg.002	(-2.4300, 0.0000, 2.1900)	(-2.3300, 0.7400, 2.2900)	(0.1000, 0.7400, 0.1000)
02 Dünya — ölçülü ve kesintisiz/Bulduğun eşyalar için düzenleme bezi/Düzenleme bezi	(2.1500, 0.6560, -3.3450)	(3.0100, 0.6720, -2.5150)	(0.8600, 0.0160, 0.8300)
02 Dünya — ölçülü ve kesintisiz/Yerleşim · FamilyCard/FamilyCard/FamilyIcon.001	(2.2967, 0.6855, -3.1846)	(2.3133, 0.6903, -3.1680)	(0.0166, 0.0047, 0.0166)
02 Dünya — ölçülü ve kesintisiz/AA pil 2/+	(-0.8289, 0.8490, 2.4737)	(-0.8110, 0.8490, 2.4915)	(0.0178, 0.0000, 0.0178)
02 Dünya — ölçülü ve kesintisiz/Pilli fener/Fenerin pil yuvası ve gerçek anahtarı/Lamba başlığı	(-0.7250, 0.8160, 2.5230)	(-0.5750, 0.9660, 2.6330)	(0.1500, 0.1500, 0.1100)
02 Dünya — ölçülü ve kesintisiz/Aile çantası/PaddedStrap.001	(2.6771, 0.7537, -2.1852)	(2.7351, 1.1940, -2.0206)	(0.0579, 0.4404, 0.1647)
02 Dünya — ölçülü ve kesintisiz/Radyonun bütün çalışma parçaları/Ayarlanabilir radyo/SpeakerHole.017	(-1.9148, 0.7510, 2.2930)	(-1.9052, 0.7570, 2.3030)	(0.0095, 0.0060, 0.0100)
02 Dünya — ölçülü ve kesintisiz/Radyonun bütün çalışma parçaları/Radyonun ayar yüzü/Hoparlör deliği	(-1.9765, 0.9010, 2.4045)	(-1.9675, 0.9050, 2.4135)	(0.0090, 0.0040, 0.0090)
02 Dünya — ölçülü ve kesintisiz/HomeRoom/BasilLeaf.007	(-3.7900, 0.5400, 3.3500)	(-3.3900, 0.6800, 3.5500)	(0.4000, 0.1400, 0.2000)
02 Dünya — ölçülü ve kesintisiz/Pilli fener/GripRing	(-0.6850, 0.7850, 2.3370)	(-0.6150, 0.8550, 2.3450)	(0.0700, 0.0700, 0.0080)
02 Dünya — ölçülü ve kesintisiz/Çantanın kapanan dış yüzü/FrontPocket	(2.3915, 0.6716, -2.0937)	(2.7685, 0.7886, -1.7947)	(0.3770, 0.1170, 0.2990)
02 Dünya — ölçülü ve kesintisiz/HomeRoom/Workbench_Leg.003	(-2.4300, 0.0000, 2.8000)	(-2.3300, 0.7400, 2.9000)	(0.1000, 0.7400, 0.1000)
02 Dünya — ölçülü ve kesintisiz/Efe’nin taşınabilir oyun kutusu/FoldedShortRim.001	(-2.6000, 0.6425, -3.2590)	(-2.4000, 0.7075, -3.2410)	(0.2000, 0.0650, 0.0180)
02 Dünya — ölçülü ve kesintisiz/Yerleşim · FamilyCard/FamilyCard/FamilyCard	(2.2635, 0.6810, -3.1977)	(2.3465, 0.6869, -3.1423)	(0.0830, 0.0059, 0.0553)
02 Dünya — ölçülü ve kesintisiz/Yerleşim · Radio/Yumuşak eşya altlığı	(2.4405, 0.6725, -2.7720)	(2.7195, 0.6805, -2.5880)	(0.2790, 0.0080, 0.1840)
02 Dünya — ölçülü ve kesintisiz/Efe’nin taşınabilir oyun kutusu/WideCarryLoop.003	(-2.7233, 0.6565, -3.0976)	(-2.5888, 0.6908, -2.9824)	(0.1344, 0.0343, 0.1152)
02 Dünya — ölçülü ve kesintisiz/Çantanın kapanan dış yüzü/PocketZip	(2.4298, 0.6560, -2.0361)	(2.7302, 0.6742, -2.0083)	(0.3004, 0.0182, 0.0278)
02 Dünya — ölçülü ve kesintisiz/HomeRoom/BasilStem.014	(-3.1812, 0.3234, -2.5130)	(-2.9688, 0.6566, -2.4870)	(0.2124, 0.3333, 0.0260)
02 Dünya — ölçülü ve kesintisiz/Efe’nin taşınabilir oyun kutusu/FoldedLongRim	(-2.4180, 0.6425, -3.2500)	(-2.4000, 0.7075, -2.5500)	(0.0180, 0.0650, 0.7000)
02 Dünya — ölçülü ve kesintisiz/NeighborhoodGround/Korkuluk.003	(-4.0450, -0.2200, -6.1350)	(-3.9750, 0.5600, -6.0650)	(0.0700, 0.7800, 0.0700)
02 Dünya — ölçülü ve kesintisiz/Radyonun bütün çalışma parçaları/Radyonun ayar yüzü/Hoparlör deliği	(-1.9575, 0.9010, 2.3485)	(-1.9485, 0.9050, 2.3575)	(0.0090, 0.0040, 0.0090)
02 Dünya — ölçülü ve kesintisiz/Yerleşim · ComfortFox/ComfortFox/Eye.001	(2.8648, 0.7272, -3.1453)	(2.8713, 0.7318, -3.1360)	(0.0065, 0.0047, 0.0093)
02 Dünya — ölçülü ve kesintisiz/Efe’nin minder geçidi/Yumuşak geçit minderi -3.26/SoftPlayCushion	(-0.2200, 0.0050, -3.4900)	(0.0200, 0.2150, -3.0300)	(0.2400, 0.2100, 0.4600)
02 Dünya — ölçülü ve kesintisiz/HomeRoom/Rug_Edge.001	(-1.3475, 0.0380, -1.1000)	(-1.2925, 0.0440, 1.9000)	(0.0550, 0.0060, 3.0000)
02 Dünya — ölçülü ve kesintisiz/Efe’nin taşınabilir oyun kutusu/WideCarryLoop.002	(-2.7233, 0.6565, -2.8176)	(-2.5888, 0.6908, -2.7024)	(0.1344, 0.0343, 0.1152)
02 Dünya — ölçülü ve kesintisiz/Çantanın gerçek yerleşim alanı/Kumaş bölme 4 3	(2.7240, 0.7295, -2.0935)	(2.8160, 0.7385, -2.0015)	(0.0920, 0.0090, 0.0920)
02 Dünya — ölçülü ve kesintisiz/Aile çantası/CarryHandle	(2.4969, 1.2126, -2.2240)	(2.6631, 1.3058, -2.1960)	(0.1663, 0.0932, 0.0280)
02 Dünya — ölçülü ve kesintisiz/Efe’nin minder geçidi/Oyun kutusunun alçak sehpası/RoundedShelfLeg.003	(-2.5925, 0.0000, -3.2475)	(-2.5375, 0.5100, -3.1925)	(0.0550, 0.5100, 0.0550)
02 Dünya — ölçülü ve kesintisiz/Yerleşim · Water/Yumuşak eşya altlığı	(2.2605, 0.6725, -2.8195)	(2.3495, 0.6805, -2.5405)	(0.0890, 0.0080, 0.2790)
02 Dünya — ölçülü ve kesintisiz/Efe’nin minder geçidi/Yumuşak geçit minderi -2.18/SoftPlayCushion.002	(-0.2200, 0.4350, -2.4100)	(0.0200, 0.6450, -1.9500)	(0.2400, 0.2100, 0.4600)
02 Dünya — ölçülü ve kesintisiz/Ailecek denenen resimli mahalle planı/Çatı	(2.8450, 1.3360, 1.3700)	(2.9950, 1.3640, 1.5300)	(0.1500, 0.0280, 0.1600)
02 Dünya — ölçülü ve kesintisiz/HomeRoom/FloorBoard.009	(0.0485, -0.0030, -3.8250)	(0.4215, 0.0150, 3.8250)	(0.3730, 0.0180, 7.6500)
02 Dünya — ölçülü ve kesintisiz/Radyonun bütün çalışma parçaları/Ayarlanabilir radyo/SpeakerHole.024	(-1.8898, 0.7510, 2.2430)	(-1.8802, 0.7570, 2.2530)	(0.0095, 0.0060, 0.0100)
02 Dünya — ölçülü ve kesintisiz/Odada bulunacak · ComfortFox/Eye.001	(0.7210, 1.2010, 0.6930)	(0.7350, 1.2210, 0.7030)	(0.0140, 0.0200, 0.0100)
02 Dünya — ölçülü ve kesintisiz/HomeRoom/BasilStem.009	(-3.4155, 0.3251, 3.4353)	(-3.3423, 0.7749, 3.6402)	(0.0732, 0.4499, 0.2050)
02 Dünya — ölçülü ve kesintisiz/Çantanın gerçek yerleşim alanı/Kumaş bölme 1 4	(2.4390, 0.7295, -1.9985)	(2.5310, 0.7385, -1.9065)	(0.0920, 0.0090, 0.0920)
02 Dünya — ölçülü ve kesintisiz/Aile çantası/SidePocket	(2.3445, 0.7650, -2.3250)	(2.3995, 0.9550, -2.2050)	(0.0550, 0.1900, 0.1200)
02 Dünya — ölçülü ve kesintisiz/Yerleşim · Radio/Radio/SpeakerHole.022	(2.6592, 0.7552, -2.6953)	(2.6648, 0.7585, -2.6899)	(0.0056, 0.0034, 0.0053)
02 Dünya — ölçülü ve kesintisiz/Radyonun bütün çalışma parçaları/Ayarlanabilir radyo/SpeakerHole.004	(-1.9898, 0.7510, 2.2430)	(-1.9802, 0.7570, 2.2530)	(0.0095, 0.0060, 0.0100)
02 Dünya — ölçülü ve kesintisiz/Pilli fener/Fenerin pil yuvası ve gerçek anahtarı/Gövde kenarı	(-0.5925, 0.8600, 2.2600)	(-0.5775, 0.9100, 2.5400)	(0.0150, 0.0500, 0.2800)
02 Dünya — ölçülü ve kesintisiz/Radyonun bütün çalışma parçaları/Ayarlanabilir radyo/Speaker	(-2.0000, 0.7570, 2.2300)	(-1.8700, 0.7690, 2.3700)	(0.1300, 0.0120, 0.1400)
02 Dünya — ölçülü ve kesintisiz/Çantanın gerçek yerleşim alanı/Çantanın alt dolgusu	(2.2950, 0.6560, -2.4350)	(2.8650, 0.6755, -1.7550)	(0.5700, 0.0195, 0.6800)
02 Dünya — ölçülü ve kesintisiz/Efe’nin küçük köprü oyunu/Oyun nehri	(0.2050, 1.0140, 0.5500)	(0.8550, 1.0260, 0.8300)	(0.6500, 0.0120, 0.2800)
02 Dünya — ölçülü ve kesintisiz/Ailecek denenen resimli mahalle planı/Plan karesi 5	(3.0360, 1.1875, 1.5660)	(3.2440, 1.2125, 1.7740)	(0.2080, 0.0250, 0.2080)
02 Dünya — ölçülü ve kesintisiz/Efe’nin minder geçidi/Yumuşak geçit minderi -2.18/WovenCushionSeam.001	(-0.2240, 0.3185, -2.3500)	(-0.2140, 0.3315, -2.0100)	(0.0100, 0.0130, 0.3400)
02 Dünya — ölçülü ve kesintisiz/Hazırlanabilir raf/Book.003	(3.0800, 0.4550, 2.8900)	(3.1300, 0.7250, 3.0900)	(0.0500, 0.2700, 0.2000)
02 Dünya — ölçülü ve kesintisiz/Pilli fener/Fenerin pil yuvası ve gerçek anahtarı/Metal temas	(-0.6325, 0.8880, 2.4320)	(-0.6055, 0.9020, 2.4380)	(0.0270, 0.0140, 0.0060)
02 Dünya — ölçülü ve kesintisiz/Yerleşim · Blanket/Blanket/Fold.003	(2.5002, 0.7356, -2.9786)	(2.6598, 0.7393, -2.9743)	(0.1596, 0.0037, 0.0043)
02 Dünya — ölçülü ve kesintisiz/Yerleşim · Flashlight/Flashlight/GripRing	(2.8323, 0.6991, -2.7463)	(2.8777, 0.7444, -2.7412)	(0.0453, 0.0453, 0.0052)
02 Dünya — ölçülü ve kesintisiz/NeighborhoodGround/Korkuluk.007	(-2.2250, -0.0600, -5.4850)	(-2.1550, 0.7200, -5.4150)	(0.0700, 0.7800, 0.0700)
02 Dünya — ölçülü ve kesintisiz/Pilli fener/Fenerin pil yuvası ve gerçek anahtarı/Metal temas	(-0.6945, 0.8880, 2.3060)	(-0.6675, 0.9020, 2.3120)	(0.0270, 0.0140, 0.0060)
02 Dünya — ölçülü ve kesintisiz/Çantanın gerçek yerleşim alanı/PackingBagShell/SoftBagBack	(2.2950, 0.6755, -2.4350)	(2.8650, 0.7305, -1.7550)	(0.5700, 0.0550, 0.6800)
02 Dünya — ölçülü ve kesintisiz/Dairenin kesit duvarı	(-2.2000, 0.0000, -3.8900)	(3.9000, 0.5000, -3.7700)	(6.1000, 0.5000, 0.1200)
02 Dünya — ölçülü ve kesintisiz/Yerleşim · Radio/Radio/SpeakerHole.008	(2.6452, 0.7552, -2.7374)	(2.6508, 0.7585, -2.7321)	(0.0056, 0.0034, 0.0053)
02 Dünya — ölçülü ve kesintisiz/NeighborhoodGround/Korkuluk.001	(-4.0450, 0.1000, -4.8350)	(-3.9750, 0.8800, -4.7650)	(0.0700, 0.7800, 0.0700)
02 Dünya — ölçülü ve kesintisiz/Pilli fener/Lens	(-0.7020, 0.7680, 2.1050)	(-0.5980, 0.8720, 2.1160)	(0.1040, 0.1040, 0.0110)
02 Dünya — ölçülü ve kesintisiz/Çantanın gerçek yerleşim alanı/Kumaş bölme 0 2	(2.3440, 0.7295, -2.1885)	(2.4360, 0.7385, -2.0965)	(0.0920, 0.0090, 0.0920)
02 Dünya — ölçülü ve kesintisiz/NeighborhoodGround/Sahanlik	(-4.0500, -0.2000, -5.3600)	(-2.1500, 0.0000, -3.9200)	(1.9000, 0.2000, 1.4400)
02 Dünya — ölçülü ve kesintisiz/Radyonun bütün çalışma parçaları/Ayarlanabilir radyo/BatteryDoor	(-1.9700, 0.8710, 2.2650)	(-1.7700, 0.8890, 2.3650)	(0.2000, 0.0180, 0.1000)
02 Dünya — ölçülü ve kesintisiz/Efe’nin taşınabilir oyun kutusu/FamilyTreeCrown	(-2.6010, 0.6970, -3.2190)	(-2.4850, 0.7290, -3.0910)	(0.1160, 0.0320, 0.1280)
02 Dünya — ölçülü ve kesintisiz/Odada bulunacak · FamilyCard/FamilyIcon.002	(1.8940, 0.6675, -2.6070)	(1.9360, 0.6795, -2.5650)	(0.0420, 0.0120, 0.0420)
02 Dünya — ölçülü ve kesintisiz/Odada bulunacak · ComfortFox/Nose	(0.6900, 1.1820, 0.6720)	(0.7100, 1.1980, 0.6880)	(0.0200, 0.0160, 0.0160)
02 Dünya — ölçülü ve kesintisiz/Çantanın gerçek yerleşim alanı/Kumaş bölme 2 0	(2.5340, 0.7295, -2.3785)	(2.6260, 0.7385, -2.2865)	(0.0920, 0.0090, 0.0920)
02 Dünya — ölçülü ve kesintisiz/Yerleşim · ComfortFox/ComfortFox/Paw	(2.8135, 0.6983, -3.2152)	(2.8368, 0.7216, -3.1686)	(0.0233, 0.0233, 0.0466)
02 Dünya — ölçülü ve kesintisiz/Yerleşim · Radio/Radio/SpeakerHole.012	(2.6592, 0.7552, -2.7234)	(2.6648, 0.7585, -2.7180)	(0.0056, 0.0034, 0.0053)
02 Dünya — ölçülü ve kesintisiz/Radyonun bütün çalışma parçaları/Yayın çizgisi	(-1.8995, 0.9070, 2.4875)	(-1.8965, 0.9130, 2.5165)	(0.0030, 0.0060, 0.0290)
02 Dünya — ölçülü ve kesintisiz/HomeRoom/BasilLeaf.002	(3.2423, 0.6600, -1.0545)	(3.6423, 0.8000, -0.8545)	(0.4000, 0.1400, 0.2000)
02 Dünya — ölçülü ve kesintisiz/Çantanın gerçek yerleşim alanı/Kumaş bölme 3 5	(2.6290, 0.7295, -1.9035)	(2.7210, 0.7385, -1.8115)	(0.0920, 0.0090, 0.0920)
02 Dünya — ölçülü ve kesintisiz/Yerleşim · ComfortFox/ComfortFox/Foot.001	(2.8587, 0.6936, -3.2385)	(2.8886, 0.7356, -3.2152)	(0.0298, 0.0420, 0.0233)
02 Dünya — ölçülü ve kesintisiz/Efe’nin minder geçidi/Oyun kutusunun alçak sehpası/RoundedShelfLeg	(-2.4625, 0.0000, -2.6075)	(-2.4075, 0.5100, -2.5525)	(0.0550, 0.5100, 0.0550)
02 Dünya — ölçülü ve kesintisiz/HomeRoom/BasilStem.019	(-2.9955, 0.3251, -2.6902)	(-2.9223, 0.7749, -2.4853)	(0.0732, 0.4499, 0.2050)
02 Dünya — ölçülü ve kesintisiz/Çantanın gerçek yerleşim alanı/Kumaş bölme 0 4	(2.3440, 0.7295, -1.9985)	(2.4360, 0.7385, -1.9065)	(0.0920, 0.0090, 0.0920)
02 Dünya — ölçülü ve kesintisiz/HomeRoom/Workbench_Leg	(-0.1700, 0.0000, 2.1900)	(-0.0700, 0.7400, 2.2900)	(0.1000, 0.7400, 0.1000)
02 Dünya — ölçülü ve kesintisiz/Hazırlanabilir raf/Book.007	(3.3800, 0.4550, 2.8900)	(3.4300, 0.7250, 3.0900)	(0.0500, 0.2700, 0.2000)
02 Dünya — ölçülü ve kesintisiz/Yerleşim · Flashlight/Flashlight/Switch	(2.8459, 0.7425, -2.6849)	(2.8641, 0.7515, -2.6590)	(0.0181, 0.0091, 0.0259)
02 Dünya — ölçülü ve kesintisiz/Çantanın gerçek yerleşim alanı/Kumaş bölme 1 2	(2.4390, 0.7295, -2.1885)	(2.5310, 0.7385, -2.0965)	(0.0920, 0.0090, 0.0920)
02 Dünya — ölçülü ve kesintisiz/Radyonun bütün çalışma parçaları/Ayarlanabilir radyo/SpeakerHole.007	(-1.9648, 0.7510, 2.2930)	(-1.9552, 0.7570, 2.3030)	(0.0095, 0.0060, 0.0100)
02 Dünya — ölçülü ve kesintisiz/Odada bulunacak · ComfortFox/Body	(0.6340, 1.0110, 0.7050)	(0.7660, 1.1910, 0.7950)	(0.1320, 0.1800, 0.0900)
02 Dünya — ölçülü ve kesintisiz/Çantanın gerçek yerleşim alanı/Kumaş bölme 3 1	(2.6290, 0.7295, -2.2835)	(2.7210, 0.7385, -2.1915)	(0.0920, 0.0090, 0.0920)
02 Dünya — ölçülü ve kesintisiz/NeighborhoodGround/Korkuluk.009	(-2.2250, -0.5400, -6.6850)	(-2.1550, 0.2400, -6.6150)	(0.0700, 0.7800, 0.0700)
02 Dünya — ölçülü ve kesintisiz/Ailecek denenen resimli mahalle planı/Harita tahtası	(2.5400, 1.1325, 1.2900)	(3.3000, 1.1975, 2.2700)	(0.7600, 0.0650, 0.9800)
02 Dünya — ölçülü ve kesintisiz/Efe’nin küçük köprü oyunu/ComfortFox/Ear.001	(0.2109, 1.1221, 0.6891)	(0.2291, 1.1517, 0.7058)	(0.0182, 0.0296, 0.0167)
02 Dünya — ölçülü ve kesintisiz/Çantanın gerçek yerleşim alanı/Kumaş bölme 3 4	(2.6290, 0.7295, -1.9985)	(2.7210, 0.7385, -1.9065)	(0.0920, 0.0090, 0.0920)
02 Dünya — ölçülü ve kesintisiz/Hazırlanabilir dolap/Side.001	(-2.6900, 0.0000, 2.8100)	(-2.6200, 1.9200, 3.3100)	(0.0700, 1.9200, 0.5000)
02 Dünya — ölçülü ve kesintisiz/Erişilebilir acil aydınlatma	(-2.9800, 0.9250, -3.1150)	(-2.7200, 1.0750, -2.9850)	(0.2600, 0.1500, 0.1300)
02 Dünya — ölçülü ve kesintisiz/Yerleşim · FirstAid/FirstAid/MedicalBarH	(2.2740, 0.7489, -2.9562)	(2.3360, 0.7540, -2.9365)	(0.0620, 0.0051, 0.0197)
02 Dünya — ölçülü ve kesintisiz/Radyonun bütün çalışma parçaları/Ayarlanabilir radyo/SpeakerHole.016	(-1.9148, 0.7510, 2.3180)	(-1.9052, 0.7570, 2.3280)	(0.0095, 0.0060, 0.0100)
02 Dünya — ölçülü ve kesintisiz/HomeRoom/Sofa_BackCushion	(2.4750, 0.6100, 0.1050)	(3.3850, 1.2700, 0.3350)	(0.9100, 0.6600, 0.2300)
02 Dünya — ölçülü ve kesintisiz/AA pil 2/Artı uç	(-0.8295, 0.8205, 2.5130)	(-0.8105, 0.8395, 2.5270)	(0.0190, 0.0190, 0.0140)
02 Dünya — ölçülü ve kesintisiz/Radyonun bütün çalışma parçaları/Radyonun ayar yüzü/Hoparlör deliği	(-1.9195, 0.9010, 2.4045)	(-1.9105, 0.9050, 2.4135)	(0.0090, 0.0040, 0.0090)
02 Dünya — ölçülü ve kesintisiz/HomeRoom/SafeTable_Leg	(0.8825, 0.0000, 0.3225)	(0.9975, 0.9000, 0.4375)	(0.1150, 0.9000, 0.1150)
02 Dünya — ölçülü ve kesintisiz/HomeRoom/FloorBoard.015	(-2.2615, -0.0030, -3.8250)	(-1.8885, 0.0150, 3.8250)	(0.3730, 0.0180, 7.6500)
02 Dünya — ölçülü ve kesintisiz/NeighborhoodGround/Basamak0	(-4.0500, -0.3200, -5.8300)	(-2.1500, -0.1600, -5.4100)	(1.9000, 0.1600, 0.4200)
02 Dünya — ölçülü ve kesintisiz/Radyonun bütün çalışma parçaları/Radyonun ayar yüzü/Hoparlör deliği	(-1.9955, 0.9010, 2.3205)	(-1.9865, 0.9050, 2.3295)	(0.0090, 0.0040, 0.0090)
02 Dünya — ölçülü ve kesintisiz/Radyonun bütün çalışma parçaları/Yayın çizgisi	(-2.0115, 0.9070, 2.4875)	(-2.0085, 0.9130, 2.5165)	(0.0030, 0.0060, 0.0290)
02 Dünya — ölçülü ve kesintisiz/Radyonun bütün çalışma parçaları/Ayarlanabilir radyo/SpeakerHole.019	(-1.9148, 0.7510, 2.2430)	(-1.9052, 0.7570, 2.2530)	(0.0095, 0.0060, 0.0100)
02 Dünya — ölçülü ve kesintisiz/Efe’nin minder geçidi/Yumuşak geçit minderi -3.26/WovenCushionSeam.002	(-0.2240, 0.5335, -3.4300)	(-0.2140, 0.5465, -3.0900)	(0.0100, 0.0130, 0.3400)
02 Dünya — ölçülü ve kesintisiz/Efe’nin minder geçidi/Oyun kutusunun alçak sehpası/RoundedShelfLeg.002	(-2.4625, 0.0000, -3.2475)	(-2.4075, 0.5100, -3.1925)	(0.0550, 0.5100, 0.0550)
02 Dünya — ölçülü ve kesintisiz/Pilli fener/Fenerin pil yuvası ve gerçek anahtarı/Merceğin yanan yüzü	(-0.7100, 0.8310, 2.6390)	(-0.5900, 0.9510, 2.6470)	(0.1200, 0.1200, 0.0080)
02 Dünya — ölçülü ve kesintisiz/Yerleşim · Radio/Radio/SpeakerHole.005	(2.6873, 0.7552, -2.7374)	(2.6929, 0.7585, -2.7321)	(0.0056, 0.0034, 0.0053)
02 Dünya — ölçülü ve kesintisiz/HomeRoom/BasilStem.008	(-3.5359, 0.3243, 3.4327)	(-3.3825, 0.7157, 3.6081)	(0.1534, 0.3913, 0.1754)
02 Dünya — ölçülü ve kesintisiz/Odada bulunacak · Water/Cap	(-2.4780, 1.0810, 2.2720)	(-2.4220, 1.1090, 2.3280)	(0.0560, 0.0280, 0.0560)
02 Dünya — ölçülü ve kesintisiz/Haritadaki aile taşı	(2.6525, 1.2300, 1.4025)	(2.7475, 1.3000, 1.4975)	(0.0950, 0.0700, 0.0950)
02 Dünya — ölçülü ve kesintisiz/Pilli fener/Kaydırılabilir pil kapağı	(-0.7165, 0.9110, 2.2570)	(-0.5835, 0.9290, 2.5070)	(0.1330, 0.0180, 0.2500)
02 Dünya — ölçülü ve kesintisiz/NeighborhoodGround/Korkuluk.004	(-4.0450, -0.5400, -6.6850)	(-3.9750, 0.2400, -6.6150)	(0.0700, 0.7800, 0.0700)
02 Dünya — ölçülü ve kesintisiz/Yerleşim · ComfortFox/ComfortFox/Body	(2.8242, 0.6843, -3.2339)	(2.8858, 0.7262, -3.1499)	(0.0616, 0.0420, 0.0839)
02 Dünya — ölçülü ve kesintisiz/Çantanın kapanan dış yüzü/BagBody	(2.3265, 0.7691, -2.3342)	(2.8335, 1.0161, -1.7622)	(0.5070, 0.2470, 0.5720)
02 Dünya — ölçülü ve kesintisiz/Çıkış önündeki hafif oyuncak kutusu/Lid	(-2.8900, 0.2725, -2.8550)	(-2.5100, 0.3075, -2.5850)	(0.3800, 0.0350, 0.2700)
02 Dünya — ölçülü ve kesintisiz/Efe’nin minder geçidi/Yumuşak geçit minderi -3.26/WovenCushionSeam.001	(-0.2240, 0.3185, -3.4300)	(-0.2140, 0.3315, -3.0900)	(0.0100, 0.0130, 0.3400)
02 Dünya — ölçülü ve kesintisiz/HomeRoom/FloorBoard.007	(0.8185, -0.0030, -3.8250)	(1.1915, 0.0150, 3.8250)	(0.3730, 0.0180, 7.6500)
02 Dünya — ölçülü ve kesintisiz/Yerleşim · Radio/Radio/SpeakerHole.001	(2.6732, 0.7552, -2.7515)	(2.6789, 0.7585, -2.7461)	(0.0056, 0.0034, 0.0053)
02 Dünya — ölçülü ve kesintisiz/HomeRoom/BasilStem.015	(-3.1159, 0.3243, -2.5173)	(-2.9625, 0.7157, -2.3419)	(0.1534, 0.3913, 0.1754)
02 Dünya — ölçülü ve kesintisiz/NeighborhoodGround/Basamak1	(-4.0500, -0.4800, -6.2100)	(-2.1500, -0.3200, -5.7900)	(1.9000, 0.1600, 0.4200)
02 Dünya — ölçülü ve kesintisiz/Radyonun bütün çalışma parçaları/Ayarlanabilir radyo/SpeakerHole.013	(-1.9398, 0.7510, 2.2680)	(-1.9302, 0.7570, 2.2780)	(0.0095, 0.0060, 0.0100)
02 Dünya — ölçülü ve kesintisiz/Efe’nin küçük köprü oyunu/ComfortFox/Ear	(0.2109, 1.1221, 0.6542)	(0.2291, 1.1517, 0.6709)	(0.0182, 0.0296, 0.0167)
02 Dünya — ölçülü ve kesintisiz/Işığı görme kartı	(-0.8000, 0.8160, 2.7550)	(-0.5000, 0.8220, 2.9050)	(0.3000, 0.0060, 0.1500)
02 Dünya — ölçülü ve kesintisiz/HomeRoom/BasilLeaf.009	(-3.5577, 0.6600, 3.5255)	(-3.1577, 0.8000, 3.7255)	(0.4000, 0.1400, 0.2000)
02 Dünya — ölçülü ve kesintisiz/Yerleşim · Radio/Radio/SpeakerHole.024	(2.6311, 0.7552, -2.6953)	(2.6367, 0.7585, -2.6899)	(0.0056, 0.0034, 0.0053)
02 Dünya — ölçülü ve kesintisiz/Apartmana açılan kapı/Kapalı kapı	(-3.7000, 0.0000, -3.8700)	(-2.5000, 1.6000, -3.7700)	(1.2000, 1.6000, 0.1000)
02 Dünya — ölçülü ve kesintisiz/Yerleşim · FirstAid/Yumuşak eşya altlığı	(2.2130, 0.6725, -3.0170)	(2.3970, 0.6805, -2.8330)	(0.1840, 0.0080, 0.1840)
02 Dünya — ölçülü ve kesintisiz/Hazırlanabilir raf/Frame.001	(2.7600, 1.5650, 2.8900)	(3.6200, 1.6350, 3.2100)	(0.8600, 0.0700, 0.3200)
02 Dünya — ölçülü ve kesintisiz/HomeRoom/FloorBoard.012	(-1.1065, -0.0030, -3.8250)	(-0.7335, 0.0150, 3.8250)	(0.3730, 0.0180, 7.6500)
02 Dünya — ölçülü ve kesintisiz/Çantanın gerçek yerleşim alanı/PackingBagShell/FoldedFabricLid	(2.8700, 0.7205, -2.4000)	(2.9900, 0.7535, -1.7900)	(0.1200, 0.0330, 0.6100)
02 Dünya — ölçülü ve kesintisiz/Radyonun bütün çalışma parçaları/Yayın çizgisi	(-1.8715, 0.9070, 2.4945)	(-1.8685, 0.9130, 2.5095)	(0.0030, 0.0060, 0.0150)
02 Dünya — ölçülü ve kesintisiz/Efe’nin küçük köprü oyunu/ComfortFox/Nose	(0.2436, 1.1088, 0.6762)	(0.2496, 1.1149, 0.6838)	(0.0061, 0.0061, 0.0076)
02 Dünya — ölçülü ve kesintisiz/Yerleşim · Radio/Radio/Handle	(2.5311, 0.7147, -2.7341)	(2.5853, 0.7248, -2.6343)	(0.0542, 0.0101, 0.0999)
02 Dünya — ölçülü ve kesintisiz/HomeRoom/Sofa_Arm	(3.2600, 0.3200, -0.6550)	(3.5200, 1.0000, 0.4950)	(0.2600, 0.6800, 1.1500)
02 Dünya — ölçülü ve kesintisiz/Radyonun bütün çalışma parçaları/Radyonun ayar yüzü/Hoparlör deliği	(-1.9955, 0.9010, 2.3485)	(-1.9865, 0.9050, 2.3575)	(0.0090, 0.0040, 0.0090)
02 Dünya — ölçülü ve kesintisiz/Yerleşim · FirstAid/FirstAid/CaseHandle	(2.2681, 0.7095, -2.8787)	(2.3419, 0.7202, -2.8360)	(0.0739, 0.0107, 0.0427)
02 Dünya — ölçülü ve kesintisiz/Hazırlanabilir raf/Book.006	(3.3050, 0.4750, 2.8900)	(3.3550, 0.7050, 3.0900)	(0.0500, 0.2300, 0.2000)
02 Dünya — ölçülü ve kesintisiz/HomeRoom/FloorBoard.019	(-3.8015, -0.0030, -3.8250)	(-3.4285, 0.0150, 3.8250)	(0.3730, 0.0180, 7.6500)
02 Dünya — ölçülü ve kesintisiz/Radyonun bütün çalışma parçaları/Radyonun ayar yüzü/Hoparlör deliği	(-1.9385, 0.9010, 2.4045)	(-1.9295, 0.9050, 2.4135)	(0.0090, 0.0040, 0.0090)
02 Dünya — ölçülü ve kesintisiz/Yerleşim · Food/Yumuşak eşya altlığı	(2.7630, 0.6725, -2.9695)	(2.9470, 0.6805, -2.8805)	(0.1840, 0.0080, 0.0890)
02 Dünya — ölçülü ve kesintisiz/Radyonun bütün çalışma parçaları/Radyonun ayar yüzü/Hoparlör deliği	(-1.9195, 0.9010, 2.3485)	(-1.9105, 0.9050, 2.3575)	(0.0090, 0.0040, 0.0090)
02 Dünya — ölçülü ve kesintisiz/Odada bulunacak · FamilyCard/FamilyBody.001	(1.9655, 0.6700, -2.5650)	(1.9945, 0.6770, -2.5250)	(0.0290, 0.0070, 0.0400)
02 Dünya — ölçülü ve kesintisiz/Pilli fener/Grip	(-0.6875, 0.7825, 2.1900)	(-0.6125, 0.8575, 2.3800)	(0.0751, 0.0751, 0.1900)
02 Dünya — ölçülü ve kesintisiz/Radyonun bütün çalışma parçaları/Radyonun ayar yüzü/Hoparlör deliği	(-1.9575, 0.9010, 2.3765)	(-1.9485, 0.9050, 2.3855)	(0.0090, 0.0040, 0.0090)
02 Dünya — ölçülü ve kesintisiz/Efe’nin küçük köprü oyunu/ComfortFox/Body	(0.2029, 1.0438, 0.6549)	(0.2371, 1.1122, 0.7051)	(0.0342, 0.0684, 0.0502)
02 Dünya — ölçülü ve kesintisiz/Efe’nin küçük köprü oyunu/ComfortFox/Head	(0.2002, 1.0917, 0.6523)	(0.2413, 1.1403, 0.7077)	(0.0410, 0.0486, 0.0555)
02 Dünya — ölçülü ve kesintisiz/HomeRoom/BasilLeaf.001	(3.0815, 0.6000, -1.0893)	(3.4815, 0.7400, -0.8893)	(0.4000, 0.1400, 0.2000)
02 Dünya — ölçülü ve kesintisiz/Radyonun bütün çalışma parçaları/Radyonun ayar yüzü/Hoparlör deliği	(-1.8625, 0.9010, 2.3765)	(-1.8535, 0.9050, 2.3855)	(0.0090, 0.0040, 0.0090)
02 Dünya — ölçülü ve kesintisiz/Efe’nin küçük köprü oyunu/ComfortFox/Paw	(0.2143, 1.0590, 0.6462)	(0.2333, 1.0970, 0.6652)	(0.0190, 0.0380, 0.0190)
02 Dünya — ölçülü ve kesintisiz/Aile çantası/SidePocket.001	(2.7605, 0.7650, -2.3250)	(2.8155, 0.9550, -2.2050)	(0.0550, 0.1900, 0.1200)
02 Dünya — ölçülü ve kesintisiz/Odada bulunacak · ComfortFox/Muzzle	(0.6630, 1.1580, 0.6810)	(0.7370, 1.2080, 0.7170)	(0.0740, 0.0500, 0.0360)
02 Dünya — ölçülü ve kesintisiz/HomeRoom/BasilStem.020	(-3.1157, 0.3235, -2.6577)	(-2.9628, 0.6565, -2.4830)	(0.1529, 0.3330, 0.1747)
02 Dünya — ölçülü ve kesintisiz/HomeRoom/BasilStem.013	(-3.5357, 0.3235, 3.2923)	(-3.3828, 0.6565, 3.4670)	(0.1529, 0.3330, 0.1747)
02 Dünya — ölçülü ve kesintisiz/Çantanın gerçek yerleşim alanı/Kumaş bölme 3 3	(2.6290, 0.7295, -2.0935)	(2.7210, 0.7385, -2.0015)	(0.0920, 0.0090, 0.0920)
02 Dünya — ölçülü ve kesintisiz/Efe’nin taşınabilir oyun kutusu/LightCardboardBase	(-2.6000, 0.5800, -3.2600)	(-2.4000, 0.6600, -2.5400)	(0.2000, 0.0800, 0.7200)
02 Dünya — ölçülü ve kesintisiz/Çantanın gerçek yerleşim alanı/Kumaş bölme 2 4	(2.5340, 0.7295, -1.9985)	(2.6260, 0.7385, -1.9065)	(0.0920, 0.0090, 0.0920)
02 Dünya — ölçülü ve kesintisiz/Yerleşim · FamilyCard/FamilyCard/FamilyBody.002	(2.2736, 0.6865, -3.1680)	(2.2850, 0.6893, -3.1522)	(0.0115, 0.0028, 0.0158)
02 Dünya — ölçülü ve kesintisiz/Radyonun bütün çalışma parçaları/Radyonun ayar yüzü/Hoparlör deliği	(-1.8625, 0.9010, 2.3205)	(-1.8535, 0.9050, 2.3295)	(0.0090, 0.0040, 0.0090)
02 Dünya — ölçülü ve kesintisiz/Hazırlanabilir raf/Side.001	(3.5500, 0.0000, 2.8900)	(3.6200, 1.6400, 3.2100)	(0.0700, 1.6400, 0.3200)
02 Dünya — ölçülü ve kesintisiz/HomeRoom/BasilLeaf.010	(-3.4288, 0.5400, 3.4281)	(-3.0288, 0.6800, 3.6281)	(0.4000, 0.1400, 0.2000)
02 Dünya — ölçülü ve kesintisiz/Çantanın gerçek yerleşim alanı/Kumaş bölme 2 3	(2.5340, 0.7295, -2.0935)	(2.6260, 0.7385, -2.0015)	(0.0920, 0.0090, 0.0920)
02 Dünya — ölçülü ve kesintisiz/Radyonun bütün çalışma parçaları/Ayarlanabilir radyo/Dial	(-1.8050, 0.7380, 2.3080)	(-1.7550, 0.7620, 2.3580)	(0.0500, 0.0240, 0.0500)
02 Dünya — ölçülü ve kesintisiz/HomeRoom/CeramicPlantPot	(3.2035, 0.0300, -1.3265)	(3.5965, 0.3500, -0.9335)	(0.3931, 0.3200, 0.3931)
02 Dünya — ölçülü ve kesintisiz/Yerleşim · Water/Water/Label	(2.2635, 0.6810, -2.7264)	(2.3465, 0.7640, -2.6736)	(0.0830, 0.0830, 0.0528)
02 Dünya — ölçülü ve kesintisiz/Efe’nin taşınabilir oyun kutusu/EndCarryLoop	(-2.4596, 0.6575, -2.5510)	(-2.3804, 0.6889, -2.4247)	(0.0792, 0.0314, 0.1263)
02 Dünya — ölçülü ve kesintisiz/Ailecek denenen resimli mahalle planı/Plan karesi 4	(2.8160, 1.1875, 1.5660)	(3.0240, 1.2125, 1.7740)	(0.2080, 0.0250, 0.2080)
02 Dünya — ölçülü ve kesintisiz/Ailecek denenen resimli mahalle planı/Plan karesi 2	(3.0360, 1.1875, 1.3460)	(3.2440, 1.2125, 1.5540)	(0.2080, 0.0250, 0.2080)
02 Dünya — ölçülü ve kesintisiz/Yerleşim · Radio/Radio/BatteryDoor	(2.6435, 0.6810, -2.7404)	(2.6996, 0.6911, -2.6280)	(0.0562, 0.0101, 0.1124)
02 Dünya — ölçülü ve kesintisiz/Ailecek denenen resimli mahalle planı/Plan karesi 10	(2.8160, 1.1875, 2.0060)	(3.0240, 1.2125, 2.2140)	(0.2080, 0.0250, 0.2080)
02 Dünya — ölçülü ve kesintisiz/Odada bulunacak · ComfortFox/Ear.001	(0.7240, 1.2170, 0.7260)	(0.7680, 1.2950, 0.7740)	(0.0440, 0.0780, 0.0480)
02 Dünya — ölçülü ve kesintisiz/Hazırlanabilir raf/Book.002	(3.0050, 0.4750, 2.8900)	(3.0550, 0.7050, 3.0900)	(0.0500, 0.2300, 0.2000)
02 Dünya — ölçülü ve kesintisiz/Ailecek denenen resimli mahalle planı/Çatı	(3.0650, 1.3360, 1.8100)	(3.2150, 1.3640, 1.9700)	(0.1500, 0.0280, 0.1600)
02 Dünya — ölçülü ve kesintisiz/HomeRoom/FloorBoard.001	(3.1285, -0.0030, -3.8250)	(3.5015, 0.0150, 3.8250)	(0.3730, 0.0180, 7.6500)
02 Dünya — ölçülü ve kesintisiz/Yerleşim · Radio/Radio/SpeakerHole.021	(2.6732, 0.7552, -2.6953)	(2.6789, 0.7585, -2.6899)	(0.0056, 0.0034, 0.0053)
02 Dünya — ölçülü ve kesintisiz/Hazırlanabilir dolap/Inset	(-3.6800, 0.7392, 2.7610)	(-3.2400, 1.7184, 2.7730)	(0.4400, 0.9792, 0.0120)
02 Dünya — ölçülü ve kesintisiz/Odada bulunacak · FamilyCard/FamilyCard	(1.8750, 0.6560, -2.6400)	(2.0850, 0.6710, -2.5000)	(0.2100, 0.0150, 0.1400)
02 Dünya — ölçülü ve kesintisiz/Hazırlanabilir raf/Frame	(2.7600, 0.0450, 2.8900)	(3.6200, 0.1150, 3.2100)	(0.8600, 0.0700, 0.3200)
02 Dünya — ölçülü ve kesintisiz/Yerleşim · Radio/Radio/SpeakerHole.013	(2.6452, 0.7552, -2.7234)	(2.6508, 0.7585, -2.7180)	(0.0056, 0.0034, 0.0053)
02 Dünya — ölçülü ve kesintisiz/HomeRoom/FloorBoard.011	(-0.7215, -0.0030, -3.8250)	(-0.3485, 0.0150, 3.8250)	(0.3730, 0.0180, 7.6500)
02 Dünya — ölçülü ve kesintisiz/HomeRoom/BasilStem.005	(3.3845, 0.3251, -1.3202)	(3.4577, 0.7749, -1.1153)	(0.0732, 0.4499, 0.2050)
02 Dünya — ölçülü ve kesintisiz/HomeRoom/FloorBoard	(3.5135, -0.0030, -3.8250)	(3.8865, 0.0150, 3.8250)	(0.3730, 0.0180, 7.6500)
02 Dünya — ölçülü ve kesintisiz/Pilli fener/Fenerin pil yuvası ve gerçek anahtarı/Pil yatağı	(-0.6370, 0.8740, 2.3090)	(-0.6010, 0.8820, 2.4350)	(0.0360, 0.0080, 0.1260)
02 Dünya — ölçülü ve kesintisiz/Radyonun bütün çalışma parçaları/Radyonun ayar yüzü/Hoparlör deliği	(-1.9765, 0.9010, 2.3765)	(-1.9675, 0.9050, 2.3855)	(0.0090, 0.0040, 0.0090)
02 Dünya — ölçülü ve kesintisiz/AA pil 1/Artı uç	(-0.8295, 0.8205, 2.3680)	(-0.8105, 0.8395, 2.3820)	(0.0190, 0.0190, 0.0140)
02 Dünya — ölçülü ve kesintisiz/Radyonun bütün çalışma parçaları/Radyonun ayar yüzü/Hoparlör deliği	(-1.9005, 0.9010, 2.3485)	(-1.8915, 0.9050, 2.3575)	(0.0090, 0.0040, 0.0090)
02 Dünya — ölçülü ve kesintisiz/Pilli fener/Fenerin pil yuvası ve gerçek anahtarı/Metal temas	(-0.6945, 0.8880, 2.4320)	(-0.6675, 0.9020, 2.4380)	(0.0270, 0.0140, 0.0060)
02 Dünya — ölçülü ve kesintisiz/Hazırlanabilir raf/Side	(2.7600, 0.0000, 2.8900)	(2.8300, 1.6400, 3.2100)	(0.0700, 1.6400, 0.3200)
02 Dünya — ölçülü ve kesintisiz/Yerleşim · Flashlight/Flashlight/GripRing.003	(2.8323, 0.6991, -2.7075)	(2.8777, 0.7444, -2.7023)	(0.0453, 0.0453, 0.0052)
02 Dünya — ölçülü ve kesintisiz/Radyonun bütün çalışma parçaları/Radyonun ayar yüzü/Hoparlör deliği	(-1.9005, 0.9010, 2.3205)	(-1.8915, 0.9050, 2.3295)	(0.0090, 0.0040, 0.0090)
02 Dünya — ölçülü ve kesintisiz/Yerleşim · FamilyCard/FamilyCard/FamilyBody	(2.3250, 0.6865, -3.1680)	(2.3364, 0.6893, -3.1522)	(0.0115, 0.0028, 0.0158)
02 Dünya — ölçülü ve kesintisiz/Radyonun bütün çalışma parçaları/Radyonun ayar yüzü/Hoparlör deliği	(-2.0145, 0.9010, 2.3765)	(-2.0055, 0.9050, 2.3855)	(0.0090, 0.0040, 0.0090)
02 Dünya — ölçülü ve kesintisiz/Aile çantası/PocketZip	(2.4645, 0.9193, -2.4570)	(2.6955, 0.9407, -2.4430)	(0.2311, 0.0214, 0.0140)
02 Dünya — ölçülü ve kesintisiz/Yerleşim · Flashlight/Flashlight/LampHead	(2.8142, 0.6810, -2.6525)	(2.8958, 0.7625, -2.5942)	(0.0815, 0.0815, 0.0583)
02 Dünya — ölçülü ve kesintisiz/Radyonun bütün çalışma parçaları/Ayarlanabilir radyo/Antenna	(-1.7649, 0.8150, 1.9091)	(-1.7051, 0.8250, 2.1709)	(0.0598, 0.0100, 0.2619)
02 Dünya — ölçülü ve kesintisiz/Hazırlanabilir dolap/Inset.001	(-3.1200, 0.7392, 2.7610)	(-2.6800, 1.7184, 2.7730)	(0.4400, 0.9792, 0.0120)
02 Dünya — ölçülü ve kesintisiz/HomeRoom/FloorBoard.005	(1.5885, -0.0030, -3.8250)	(1.9615, 0.0150, 3.8250)	(0.3730, 0.0180, 7.6500)
02 Dünya — ölçülü ve kesintisiz/HomeRoom/SafeTable_Top	(-0.3900, 0.8800, 0.2600)	(1.0900, 1.0000, 1.2400)	(1.4800, 0.1200, 0.9800)
02 Dünya — ölçülü ve kesintisiz/Yerleşim · Radio/Radio/SpeakerHole.023	(2.6452, 0.7552, -2.6953)	(2.6508, 0.7585, -2.6899)	(0.0056, 0.0034, 0.0053)
02 Dünya — ölçülü ve kesintisiz/Efe’nin küçük köprü oyunu/ComfortFox/Foot	(0.2105, 1.0400, 0.6526)	(0.2447, 1.0590, 0.6770)	(0.0342, 0.0190, 0.0243)
02 Dünya — ölçülü ve kesintisiz/Çantanın kapanan dış yüzü/PaddedStrap	(2.3784, 1.0093, -2.3655)	(2.4538, 1.2233, -1.7930)	(0.0753, 0.2140, 0.5725)
02 Dünya — ölçülü ve kesintisiz/Efe’nin minder geçidi/Oyun masasındaki erişilebilir yerleştirme tahtası/SoftEdgeBand	(1.5650, 0.6720, -2.8275)	(1.9350, 0.6900, -2.7925)	(0.3700, 0.0180, 0.0350)
02 Dünya — ölçülü ve kesintisiz/Radyonun bütün çalışma parçaları/Radyonun ayar yüzü/Hoparlör deliği	(-1.9005, 0.9010, 2.4045)	(-1.8915, 0.9050, 2.4135)	(0.0090, 0.0040, 0.0090)
02 Dünya — ölçülü ve kesintisiz/Yerleşim · Radio/Radio/SpeakerHole.009	(2.6311, 0.7552, -2.7374)	(2.6367, 0.7585, -2.7321)	(0.0056, 0.0034, 0.0053)
02 Dünya — ölçülü ve kesintisiz/HomeRoom/BasilLeaf.014	(-3.3700, 0.5400, -2.6000)	(-2.9700, 0.6800, -2.4000)	(0.4000, 0.1400, 0.2000)
02 Dünya — ölçülü ve kesintisiz/Çantanın gerçek yerleşim alanı/Kumaş bölme 1 3	(2.4390, 0.7295, -2.0935)	(2.5310, 0.7385, -2.0015)	(0.0920, 0.0090, 0.0920)
02 Dünya — ölçülü ve kesintisiz/HomeRoom/BasilStem.004	(3.3840, 0.3242, -1.2248)	(3.5872, 0.7158, -1.1133)	(0.2032, 0.3915, 0.1114)
02 Dünya — ölçülü ve kesintisiz/Odada bulunacak · ComfortFox/Foot	(0.6280, 1.0010, 0.6850)	(0.6920, 1.0510, 0.7750)	(0.0640, 0.0500, 0.0900)
02 Dünya — ölçülü ve kesintisiz/Radyonun bütün çalışma parçaları/Radyonun ayar yüzü/Hoparlör deliği	(-1.9005, 0.9010, 2.3765)	(-1.8915, 0.9050, 2.3855)	(0.0090, 0.0040, 0.0090)
02 Dünya — ölçülü ve kesintisiz/Yerleşim · ComfortFox/ComfortFox/Ear	(2.8233, 0.6941, -3.1378)	(2.8438, 0.7164, -3.1015)	(0.0205, 0.0224, 0.0364)
02 Dünya — ölçülü ve kesintisiz/Çantanın gerçek yerleşim alanı/Çanta içi	(2.3250, 0.6930, -2.4000)	(2.8350, 0.7330, -1.7900)	(0.5100, 0.0400, 0.6100)
02 Dünya — ölçülü ve kesintisiz/Yerleşim · Blanket/Blanket/Fold	(2.5002, 0.6933, -2.9786)	(2.6598, 0.6970, -2.9743)	(0.1596, 0.0037, 0.0043)
02 Dünya — ölçülü ve kesintisiz/HomeRoom/BasilLeaf.008	(-3.7185, 0.6000, 3.4907)	(-3.3185, 0.7400, 3.6907)	(0.4000, 0.1400, 0.2000)
02 Dünya — ölçülü ve kesintisiz/Radyonun bütün çalışma parçaları/Ayarlanabilir radyo/Handle	(-1.9589, 0.8110, 2.0649)	(-1.7811, 0.8290, 2.1614)	(0.1778, 0.0180, 0.0965)
02 Dünya — ölçülü ve kesintisiz/Efe’nin minder geçidi/Oyun masasındaki erişilebilir yerleştirme tahtası/SoftEdgeBand.001	(1.5650, 0.6720, -3.6075)	(1.9350, 0.6900, -3.5725)	(0.3700, 0.0180, 0.0350)
02 Dünya — ölçülü ve kesintisiz/HomeRoom/SafeTable_Leg.001	(0.8825, 0.0000, 1.0625)	(0.9975, 0.9000, 1.1775)	(0.1150, 0.9000, 0.1150)
02 Dünya — ölçülü ve kesintisiz/Odada bulunacak · Water/Bottle	(-2.5050, 0.8160, 2.2450)	(-2.3950, 1.0860, 2.3550)	(0.1100, 0.2700, 0.1100)
02 Dünya — ölçülü ve kesintisiz/HomeRoom/Rug_Edge.003	(-1.2750, 0.0380, 1.8425)	(2.2750, 0.0440, 1.8975)	(3.5500, 0.0060, 0.0550)
02 Dünya — ölçülü ve kesintisiz/Gerçek açma anahtarı	(-0.6700, 0.9665, 2.5280)	(-0.6300, 0.9895, 2.5980)	(0.0400, 0.0230, 0.0700)
02 Dünya — ölçülü ve kesintisiz/Ailecek denenen resimli mahalle planı/Plan karesi 3	(2.5960, 1.1875, 1.5660)	(2.8040, 1.2125, 1.7740)	(0.2080, 0.0250, 0.2080)
02 Dünya — ölçülü ve kesintisiz/Radyonun bütün çalışma parçaları/Radyonun ayar yüzü/Radyonun teleskopik anteni	(-2.0750, 0.8749, 2.4882)	(-2.0300, 0.9301, 2.6818)	(0.0450, 0.0552, 0.1935)
02 Dünya — ölçülü ve kesintisiz/HomeRoom/Sofa_CreamCushion	(1.5775, 0.5675, -0.2700)	(2.0225, 1.0125, -0.1100)	(0.4450, 0.4450, 0.1600)
02 Dünya — ölçülü ve kesintisiz/Odada bulunacak · Whistle/Cord	(1.9011, 0.6772, -2.2062)	(2.0789, 0.6848, -2.0760)	(0.1779, 0.0076, 0.1303)
02 Dünya — ölçülü ve kesintisiz/Radyonun bütün çalışma parçaları/Radyonun ayar yüzü/Hoparlör deliği	(-1.9955, 0.9010, 2.3765)	(-1.9865, 0.9050, 2.3855)	(0.0090, 0.0040, 0.0090)
02 Dünya — ölçülü ve kesintisiz/Radyonun bütün çalışma parçaları/Ayarlanabilir radyo/SpeakerHole	(-1.9898, 0.7510, 2.3430)	(-1.9802, 0.7570, 2.3530)	(0.0095, 0.0060, 0.0100)
02 Dünya — ölçülü ve kesintisiz/Odada bulunacak · ComfortFox/Paw.001	(0.7390, 1.0510, 0.7150)	(0.7890, 1.1510, 0.7650)	(0.0500, 0.1000, 0.0500)
02 Dünya — ölçülü ve kesintisiz/Çantanın gerçek yerleşim alanı/Kumaş bölme 2 1	(2.5340, 0.7295, -2.2835)	(2.6260, 0.7385, -2.1915)	(0.0920, 0.0090, 0.0920)
02 Dünya — ölçülü ve kesintisiz/Efe’nin minder geçidi/Oyun kutusunun alçak sehpası/RoundedShelfLeg.001	(-2.5925, 0.0000, -2.6075)	(-2.5375, 0.5100, -2.5525)	(0.0550, 0.5100, 0.0550)
02 Dünya — ölçülü ve kesintisiz/Çantanın gerçek yerleşim alanı/Kumaş bölme 1 1	(2.4390, 0.7295, -2.2835)	(2.5310, 0.7385, -2.1915)	(0.0920, 0.0090, 0.0920)
02 Dünya — ölçülü ve kesintisiz/Odada bulunacak · Whistle/Mouthpiece	(1.9710, 0.6700, -2.3240)	(2.0090, 0.6980, -2.2590)	(0.0380, 0.0280, 0.0650)
02 Dünya — ölçülü ve kesintisiz/Radyonun bütün çalışma parçaları/Frekans düğmesi	(-1.8285, 0.9020, 2.3475)	(-1.7235, 0.9380, 2.4525)	(0.1050, 0.0360, 0.1050)
02 Dünya — ölçülü ve kesintisiz/Hazırlanabilir raf/Back	(2.7600, 0.0000, 3.1600)	(3.6200, 1.6400, 3.2100)	(0.8600, 1.6400, 0.0500)
02 Dünya — ölçülü ve kesintisiz/Hazırlanabilir dolap/Handle.001	(-3.1280, 0.9020, 2.7100)	(-3.0920, 0.9580, 2.7600)	(0.0360, 0.0560, 0.0500)
02 Dünya — ölçülü ve kesintisiz/Ailecek denenen resimli mahalle planı/Buluşma ağacı	(3.1275, 1.2050, 2.0975)	(3.1525, 1.3450, 2.1225)	(0.0250, 0.1400, 0.0250)
02 Dünya — ölçülü ve kesintisiz/HomeRoom/Sofa_Foot.001	(3.1900, 0.0000, 0.3900)	(3.3100, 0.2800, 0.5100)	(0.1200, 0.2800, 0.1200)
02 Dünya — ölçülü ve kesintisiz/Yerleşim · Radio/Radio/SpeakerHole.015	(2.6873, 0.7552, -2.7093)	(2.6929, 0.7585, -2.7040)	(0.0056, 0.0034, 0.0053)
02 Dünya — ölçülü ve kesintisiz/Hazırlanabilir dolap/Door	(-3.7200, 0.0700, 2.7700)	(-3.2000, 1.8500, 2.8200)	(0.5200, 1.7800, 0.0500)
02 Dünya — ölçülü ve kesintisiz/Efe’nin küçük köprü oyunu/Köprü parçası 1	(0.4400, 1.0250, 0.1400)	(0.6200, 1.0650, 0.5200)	(0.1800, 0.0400, 0.3800)
02 Dünya — ölçülü ve kesintisiz/Çantanın gerçek yerleşim alanı/PackingBagShell/PaddedEnd.001	(2.3150, 0.7080, -1.8015)	(2.8450, 0.7780, -1.7565)	(0.5300, 0.0700, 0.0450)
02 Dünya — ölçülü ve kesintisiz/Oyun kutusunun masadaki yeri	(1.6250, 0.6790, -3.5750)	(1.8750, 0.6850, -2.8250)	(0.2500, 0.0060, 0.7500)
02 Dünya — ölçülü ve kesintisiz/Efe’nin taşınabilir oyun kutusu/ColouredPieceEnd.001	(-2.4820, 0.6860, -2.9700)	(-2.4540, 0.6940, -2.8300)	(0.0280, 0.0080, 0.1400)
02 Dünya — ölçülü ve kesintisiz/Hazırlanabilir raf/Odada bulunacak · FirstAid/CaseHandle	(3.1345, 1.5335, 3.0405)	(3.2655, 1.6092, 3.0595)	(0.1310, 0.0757, 0.0190)
02 Dünya — ölçülü ve kesintisiz/Radyonun bütün çalışma parçaları/Radyonun ayar yüzü/Hoparlör deliği	(-2.0145, 0.9010, 2.3485)	(-2.0055, 0.9050, 2.3575)	(0.0090, 0.0040, 0.0090)
02 Dünya — ölçülü ve kesintisiz/Radyonun bütün çalışma parçaları/Radyonun ayar yüzü/Hoparlör deliği	(-2.0145, 0.9010, 2.3205)	(-2.0055, 0.9050, 2.3295)	(0.0090, 0.0040, 0.0090)
02 Dünya — ölçülü ve kesintisiz/HomeRoom/Sofa_Back	(1.3550, 0.3850, 0.2400)	(3.5050, 1.3150, 0.5400)	(2.1500, 0.9300, 0.3000)
02 Dünya — ölçülü ve kesintisiz/Yerleşim · Radio/Radio/Antenna	(2.4435, 0.7170, -2.6251)	(2.5906, 0.7226, -2.5915)	(0.1471, 0.0056, 0.0336)
02 Dünya — ölçülü ve kesintisiz/Efe’nin minder geçidi/Oyun masasındaki erişilebilir yerleştirme tahtası/RoundedLandingBoard	(1.5500, 0.6550, -3.6300)	(1.9500, 0.6790, -2.7700)	(0.4000, 0.0240, 0.8600)
02 Dünya — ölçülü ve kesintisiz/Efe’nin taşınabilir oyun kutusu/FoldedShortRim	(-2.6000, 0.6425, -2.5590)	(-2.4000, 0.7075, -2.5410)	(0.2000, 0.0650, 0.0180)
02 Dünya — ölçülü ve kesintisiz/Çantanın gerçek yerleşim alanı/PackingBagShell/ShoulderStrap	(2.4355, 0.6750, -2.7059)	(2.5570, 0.7150, -2.3950)	(0.1215, 0.0399, 0.3109)
02 Dünya — ölçülü ve kesintisiz/Çantanın kapanan dış yüzü/PaddedStrap.001	(2.7062, 1.0093, -2.3655)	(2.7816, 1.2233, -1.7930)	(0.0753, 0.2140, 0.5725)
02 Dünya — ölçülü ve kesintisiz/Radyonun bütün çalışma parçaları/Radyonun ayar yüzü/Radyo taşıma kulpu	(-1.9790, 0.8625, 2.5530)	(-1.7610, 0.8975, 2.5710)	(0.2180, 0.0350, 0.0180)
02 Dünya — ölçülü ve kesintisiz/HomeRoom/Sofa_Foot	(3.1900, 0.0000, -0.6100)	(3.3100, 0.2800, -0.4900)	(0.1200, 0.2800, 0.1200)
02 Dünya — ölçülü ve kesintisiz/Hazırlanabilir dolap/Handle	(-3.2680, 0.9020, 2.7100)	(-3.2320, 0.9580, 2.7600)	(0.0360, 0.0560, 0.0500)
02 Dünya — ölçülü ve kesintisiz/Ailecek denenen resimli mahalle planı/EV	(2.6524, 1.2250, 1.4209)	(2.7531, 1.2250, 1.4828)	(0.1007, 0.0000, 0.0618)
02 Dünya — ölçülü ve kesintisiz/Çantanın gerçek yerleşim alanı/Kumaş bölme 2 2	(2.5340, 0.7295, -2.1885)	(2.6260, 0.7385, -2.0965)	(0.0920, 0.0090, 0.0920)
02 Dünya — ölçülü ve kesintisiz/Yerleşim · ComfortFox/ComfortFox/Nose	(2.8503, 0.7342, -3.1541)	(2.8597, 0.7416, -3.1467)	(0.0093, 0.0075, 0.0075)
02 Dünya — ölçülü ve kesintisiz/Yerleşim · FamilyCard/Yumuşak eşya altlığı	(2.2605, 0.6725, -3.2145)	(2.3495, 0.6805, -3.1255)	(0.0890, 0.0080, 0.0890)
02 Dünya — ölçülü ve kesintisiz/Efe’nin minder geçidi/Yumuşak geçit minderi -2.18/WovenCushionSeam	(-0.2240, 0.1035, -2.3500)	(-0.2140, 0.1165, -2.0100)	(0.0100, 0.0130, 0.3400)
02 Dünya — ölçülü ve kesintisiz/Yerleşim · Radio/Radio/SpeakerHole.019	(2.6311, 0.7552, -2.7093)	(2.6367, 0.7585, -2.7040)	(0.0056, 0.0034, 0.0053)
02 Dünya — ölçülü ve kesintisiz/Hazırlanabilir raf/Book.001	(2.9300, 0.4550, 2.8900)	(2.9800, 0.7250, 3.0900)	(0.0500, 0.2700, 0.2000)
02 Dünya — ölçülü ve kesintisiz/HomeRoom/Window_Sill	(1.3750, 1.1000, 3.5100)	(3.0250, 1.2200, 3.8500)	(1.6500, 0.1200, 0.3400)
02 Dünya — ölçülü ve kesintisiz/Hazırlanabilir raf/Book.005	(3.2300, 0.4550, 2.8900)	(3.2800, 0.7250, 3.0900)	(0.0500, 0.2700, 0.2000)
02 Dünya — ölçülü ve kesintisiz/Efe’nin küçük köprü oyunu/Köprü parçası 2	(0.6600, 1.0250, 0.1400)	(0.8400, 1.0650, 0.5200)	(0.1800, 0.0400, 0.3800)
02 Dünya — ölçülü ve kesintisiz/Pilli fener/Fenerin pil yuvası ve gerçek anahtarı/Pil yatağı	(-0.6990, 0.8740, 2.3090)	(-0.6630, 0.8820, 2.4350)	(0.0360, 0.0080, 0.1260)
02 Dünya — ölçülü ve kesintisiz/Aile çantası/Lid	(2.3900, 1.1250, -2.3650)	(2.7700, 1.2150, -2.1650)	(0.3800, 0.0900, 0.2000)
02 Dünya — ölçülü ve kesintisiz/Yerleşim · Radio/Radio/SpeakerHole.010	(2.6873, 0.7552, -2.7234)	(2.6929, 0.7585, -2.7180)	(0.0056, 0.0034, 0.0053)
02 Dünya — ölçülü ve kesintisiz/NeighborhoodGround/Korkuluk.008	(-2.2250, -0.2200, -6.1350)	(-2.1550, 0.5600, -6.0650)	(0.0700, 0.7800, 0.0700)
02 Dünya — ölçülü ve kesintisiz/Radyonun bütün çalışma parçaları/Ayarlanabilir radyo/SpeakerHole.006	(-1.9648, 0.7510, 2.3180)	(-1.9552, 0.7570, 2.3280)	(0.0095, 0.0060, 0.0100)
02 Dünya — ölçülü ve kesintisiz/Efe’nin minder geçidi/Yumuşak geçit minderi -3.26/SoftPlayCushion.001	(-0.2200, 0.2200, -3.4900)	(0.0200, 0.4300, -3.0300)	(0.2400, 0.2100, 0.4600)
02 Dünya — ölçülü ve kesintisiz/Yerleşim · FamilyCard/FamilyCard/FamilyIcon.002	(2.2710, 0.6855, -3.1846)	(2.2876, 0.6903, -3.1680)	(0.0166, 0.0047, 0.0166)
02 Dünya — ölçülü ve kesintisiz/Efe’nin küçük köprü oyunu/ComfortFox/Eye	(0.2379, 1.1160, 0.6667)	(0.2417, 1.1236, 0.6720)	(0.0038, 0.0076, 0.0053)
02 Dünya — ölçülü ve kesintisiz/Hazırlanabilir dolap/Door.001	(-3.1600, 0.0700, 2.7700)	(-2.6400, 1.8500, 2.8200)	(0.5200, 1.7800, 0.0500)
02 Dünya — ölçülü ve kesintisiz/HomeRoom/FloorBoard.003	(2.3585, -0.0030, -3.8250)	(2.7315, 0.0150, 3.8250)	(0.3730, 0.0180, 7.6500)
02 Dünya — ölçülü ve kesintisiz/Çantanın kapanan dış yüzü/SidePocket.001	(2.8147, 0.8276, -2.0547)	(2.8862, 0.9836, -1.8077)	(0.0715, 0.1560, 0.2470)
02 Dünya — ölçülü ve kesintisiz/Çantayı kapatma tokası	(2.8650, 0.7410, -2.2500)	(2.9350, 0.7690, -2.1500)	(0.0700, 0.0280, 0.1000)
02 Dünya — ölçülü ve kesintisiz/Efe’nin küçük köprü oyunu/ComfortFox/Eye.001	(0.2379, 1.1160, 0.6880)	(0.2417, 1.1236, 0.6933)	(0.0038, 0.0076, 0.0053)
02 Dünya — ölçülü ve kesintisiz/Yerleşim · ComfortFox/ComfortFox/Eye	(2.8387, 0.7272, -3.1453)	(2.8452, 0.7318, -3.1360)	(0.0065, 0.0047, 0.0093)
02 Dünya — ölçülü ve kesintisiz/Hazırlanabilir raf/Odada bulunacak · FirstAid/MedicalBarH	(3.1450, 1.3960, 2.9805)	(3.2550, 1.4310, 2.9895)	(0.1100, 0.0350, 0.0090)
02 Dünya — ölçülü ve kesintisiz/Çantanın gerçek yerleşim alanı/PackingBagShell/PaddedSide.001	(2.8255, 0.7080, -2.4200)	(2.8725, 0.7780, -1.7700)	(0.0470, 0.0700, 0.6500)
02 Dünya — ölçülü ve kesintisiz/Pilli fener/Fenerin pil yuvası ve gerçek anahtarı/Mercek	(-0.7140, 0.8270, 2.6290)	(-0.5860, 0.9550, 2.6410)	(0.1280, 0.1280, 0.0120)
02 Dünya — ölçülü ve kesintisiz/Efe’nin küçük köprü oyunu/ComfortFox/Foot.001	(0.2105, 1.0400, 0.6830)	(0.2447, 1.0590, 0.7074)	(0.0342, 0.0190, 0.0243)
02 Dünya — ölçülü ve kesintisiz/Yerleşim · Radio/Radio/Speaker	(2.6238, 0.7484, -2.7572)	(2.7025, 0.7552, -2.6842)	(0.0787, 0.0067, 0.0730)
