Editor pose-space probe; not a gameplay or child/device test.
72 animation samples, 3 stride offsets (+/-35 mm), 3 ground/lift offsets (0/40/75 mm).
x,z,maxGripErrorMetres,meanGripErrorMetres,samples
0.460,0.080,0.001922,0.000407,648
0.460,0.100,0.003143,0.000683,648
0.440,0.100,0.003149,0.000584,648
0.440,0.080,0.003726,0.000435,648
0.440,0.120,0.003770,0.000918,648
0.420,0.140,0.004860,0.001275,648
0.460,0.120,0.005512,0.001286,648
0.420,0.120,0.005754,0.000824,648
0.460,0.140,0.007250,0.001998,648
0.420,0.160,0.007289,0.001994,648
0.400,0.160,0.007685,0.001899,648
0.440,0.140,0.007775,0.001726,648
0.360,0.180,0.007785,0.002318,648
0.380,0.180,0.007937,0.002297,648
0.420,0.100,0.008529,0.000686,648
0.400,0.140,0.008996,0.001150,648
0.300,0.200,0.008997,0.002471,648
0.380,0.160,0.009520,0.001591,648
0.440,0.160,0.009835,0.002388,648
0.320,0.200,0.009857,0.002553,648
0.340,0.180,0.010273,0.002147,648
0.300,0.180,0.010733,0.001889,648
0.400,0.180,0.010777,0.002660,648
0.420,0.080,0.011177,0.000822,648
0.320,0.180,0.011872,0.001996,648
0.340,0.200,0.012969,0.003106,648
0.360,0.200,0.017197,0.003820,648
0.360,0.160,0.017788,0.001552,648
0.400,0.120,0.017812,0.001016,648
0.420,0.180,0.018848,0.003979,648
0.460,0.160,0.020104,0.004159,648
0.300,0.160,0.020413,0.001371,648
0.380,0.140,0.022768,0.001291,648
0.380,0.200,0.022978,0.004903,648
0.340,0.160,0.024890,0.001571,648
0.320,0.160,0.025544,0.001531,648
0.440,0.180,0.027795,0.005824,648
0.300,0.220,0.028377,0.006133,648
0.400,0.200,0.029721,0.006461,648
0.320,0.220,0.030220,0.006673,648
0.400,0.100,0.033039,0.001460,648
0.340,0.220,0.033147,0.007510,648
0.360,0.220,0.037131,0.008425,648
0.420,0.200,0.037373,0.008123,648
0.460,0.180,0.037555,0.007857,648
0.300,0.140,0.040564,0.001931,648
0.380,0.220,0.042316,0.009648,648
0.360,0.140,0.043266,0.001577,648
0.440,0.200,0.045878,0.010941,648
0.400,0.220,0.048716,0.012140,648
0.300,0.240,0.048750,0.011803,648
0.320,0.240,0.050489,0.012625,648
0.320,0.140,0.053035,0.002036,648
0.340,0.240,0.053255,0.013860,648
0.380,0.120,0.053829,0.001739,648
0.300,0.100,0.054344,0.007001,648
0.340,0.140,0.054388,0.001882,648
0.460,0.200,0.055184,0.014929,648
0.420,0.220,0.055993,0.015268,648
0.360,0.240,0.057024,0.015737,648
0.400,0.080,0.059871,0.002600,648
0.300,0.120,0.060868,0.003724,648
0.380,0.240,0.061769,0.018371,648
0.440,0.220,0.064102,0.019276,648
0.300,0.080,0.067432,0.013339,648
0.400,0.240,0.067766,0.021396,648
0.320,0.100,0.068504,0.007335,648
0.300,0.260,0.069046,0.022105,648
0.320,0.120,0.070212,0.003935,648
0.320,0.260,0.070694,0.023010,648
0.460,0.220,0.072994,0.024408,648
0.340,0.260,0.073317,0.024392,648
0.420,0.240,0.074708,0.025190,648
0.340,0.100,0.075427,0.006664,648
0.360,0.260,0.076969,0.026323,648
0.320,0.080,0.077234,0.013533,648
0.340,0.120,0.078694,0.003620,648
0.380,0.260,0.081408,0.029516,648
0.440,0.240,0.082457,0.030611,648
0.360,0.100,0.085638,0.005223,648
0.360,0.120,0.086198,0.002794,648
0.400,0.260,0.086875,0.033560,648
0.340,0.080,0.087607,0.012155,648
0.360,0.080,0.088242,0.009421,648
0.300,0.280,0.089286,0.034248,648
0.320,0.280,0.090916,0.035544,648
0.460,0.240,0.090970,0.037210,648
0.340,0.280,0.093411,0.037684,648
0.420,0.260,0.093506,0.038775,648
0.380,0.080,0.096451,0.006020,648
0.380,0.100,0.096694,0.003365,648
0.360,0.280,0.096819,0.040670,648
0.440,0.260,0.101004,0.045232,648
0.380,0.280,0.101117,0.044608,648
0.400,0.280,0.106280,0.049471,648
0.460,0.260,0.109163,0.052707,648
0.420,0.280,0.112462,0.055220,648
0.440,0.280,0.119574,0.061785,648
0.460,0.280,0.127413,0.069501,648
