actor,kind,armUp,armFront,armTwist,elbowStretch,wristX,wristY,wristZ,headY,error
Ada,previous,,,,,0.30057,0.77276,-0.06079,0.96549,0.26761
Ada,candidate,1.00000,-0.20000,0.80000,-0.40000,-0.17109,0.94654,0.07364,0.96036,0.41977
Ada,candidate,1.00000,0.00000,0.80000,-0.40000,-0.17664,0.94690,0.07651,0.96036,0.42531
Ada,candidate,1.00000,0.20000,0.80000,-0.40000,-0.18140,0.94721,0.08055,0.96037,0.43016
Ada,candidate,1.00000,-0.20000,0.80000,-0.80000,-0.17282,0.88408,0.08032,0.96132,0.43485
Ada,candidate,1.00000,0.00000,0.80000,-0.80000,-0.17692,0.88435,0.08248,0.96133,0.43882
Ada,candidate,1.00000,0.20000,0.80000,-0.80000,-0.18044,0.88458,0.08551,0.96133,0.44230
Ada,candidate,1.00000,-0.20000,0.80000,0.00000,-0.20213,1.00115,0.07501,0.95952,0.44675
Ada,candidate,1.00000,0.00000,0.80000,0.00000,-0.20650,1.00144,0.08559,0.95952,0.45160
Efe,previous,,,,,0.27373,0.66198,-0.05527,0.82763,0.23833
Efe,candidate,1.00000,-0.20000,0.80000,-0.40000,-0.16202,0.81445,0.06420,0.82318,0.37610
Efe,candidate,1.00000,0.00000,0.80000,-0.40000,-0.16695,0.81478,0.06650,0.82317,0.38099
Efe,candidate,1.00000,0.20000,0.80000,-0.40000,-0.17124,0.81508,0.06986,0.82317,0.38529
Efe,candidate,1.00000,-0.20000,0.80000,-0.80000,-0.16312,0.75983,0.07097,0.82402,0.38795
Efe,candidate,1.00000,0.00000,0.80000,-0.80000,-0.16679,0.76007,0.07265,0.82401,0.39148
Efe,candidate,1.00000,0.20000,0.80000,-0.80000,-0.16999,0.76030,0.07512,0.82401,0.39461
Efe,candidate,1.00000,-0.20000,0.80000,0.00000,-0.18955,0.86211,0.06468,0.82244,0.40068
Efe,candidate,1.00000,0.00000,0.80000,0.00000,-0.19344,0.86249,0.07373,0.82243,0.40480
Derya,previous,,,,,0.36575,0.90409,-0.07392,1.13016,0.32090
Derya,candidate,1.00000,-0.20000,0.80000,-0.40000,-0.21359,1.11062,0.08709,1.12418,0.50545
Derya,candidate,1.00000,0.00000,0.80000,-0.40000,-0.22025,1.11106,0.09032,1.12417,0.51208
Derya,candidate,1.00000,0.20000,0.80000,-0.40000,-0.22602,1.11146,0.09496,1.12417,0.51789
Derya,candidate,1.00000,-0.20000,0.80000,-0.80000,-0.21528,1.03659,0.09583,1.12531,0.52217
Derya,candidate,1.00000,0.00000,0.80000,-0.80000,-0.22022,1.03692,0.09822,1.12531,0.52694
Derya,candidate,1.00000,0.20000,0.80000,-0.80000,-0.22450,1.03721,0.10166,1.12531,0.53114
Derya,candidate,1.00000,-0.20000,0.80000,0.00000,-0.25072,1.17528,0.08808,1.12318,0.53830
Derya,candidate,1.00000,0.00000,0.80000,0.00000,-0.25598,1.17572,0.10045,1.12317,0.54395
Emre,previous,,,,,0.39257,0.96575,-0.07932,1.20718,0.34377
Emre,candidate,1.00000,-0.20000,0.80000,-0.40000,-0.22999,1.18675,0.09314,1.20081,0.54175
Emre,candidate,1.00000,0.00000,0.80000,-0.40000,-0.23713,1.18722,0.09657,1.20080,0.54883
Emre,candidate,1.00000,0.20000,0.80000,-0.40000,-0.24331,1.18765,0.10151,1.20080,0.55505
Emre,candidate,1.00000,-0.20000,0.80000,-0.80000,-0.23175,1.10756,0.10260,1.20203,0.55946
Emre,candidate,1.00000,0.00000,0.80000,-0.80000,-0.23704,1.10791,0.10513,1.20202,0.56456
Emre,candidate,1.00000,0.20000,0.80000,-0.80000,-0.24164,1.10823,0.10878,1.20203,0.56906
Emre,candidate,1.00000,-0.20000,0.80000,0.00000,-0.26976,1.25589,0.09411,1.19975,0.57700
Emre,candidate,1.00000,0.00000,0.80000,0.00000,-0.27539,1.25638,0.10732,1.19974,0.58303
