shoulderOffsetX,shoulderOffsetY,shoulderOffsetZ,maxContactErrorMetres,maxElbowBendDegrees
0.025,-0.02,0.14,0.00404,103.3
0.000,-0.02,0.14,0.00905,96.9
0.025,-0.04,0.14,0.01325,98.9
0.000,-0.04,0.14,0.01454,92.6
0.025,-0.02,0.16,0.01458,96.9
0.000,-0.06,0.14,0.02099,87.6
-0.025,-0.02,0.14,0.02199,101.9
0.025,-0.04,0.16,0.02223,92.6
0.025,-0.06,0.14,0.02326,93.9
0.000,-0.02,0.16,0.02577,90.8
-0.025,-0.04,0.14,0.02731,95.6
0.000,-0.04,0.16,0.03104,86.3
0.025,-0.06,0.16,0.03202,87.6
0.025,-0.02,0.18,0.03208,89.8
-0.025,-0.06,0.14,0.03356,88.7
0.000,-0.06,0.16,0.03723,81.3
0.025,-0.04,0.18,0.03727,85.6
-0.025,-0.02,0.16,0.03819,97.1
0.000,-0.02,0.18,0.04280,85.4
-0.025,-0.04,0.16,0.04331,90.9
0.025,-0.06,0.18,0.04336,80.5
0.000,-0.04,0.18,0.04786,79.2
-0.025,-0.06,0.16,0.04932,84.0
0.000,-0.06,0.18,0.05380,74.1
-0.025,-0.02,0.18,0.05472,91.7
-0.025,-0.04,0.18,0.05964,85.5
-0.025,-0.06,0.18,0.06542,78.5
