Editor pose-space probe: shoulder-relative nozzle, 3 yaw / 2 pitch directions / both hands.
y,z,rightAxis,leftAxis,poleY,maxErrorMetres,meanErrorMetres
-0.08,0.12,1,-1,-1,0.0007219511,0.0003848166
-0.12,0.12,1,-1,-1,0.0007507274,0.0004099032
-0.08,0.12,1,1,-1,0.0007556541,0.0005385763
-0.12,0.12,1,1,-1,0.001621697,0.0006926755
-0.08,0.12,-1,1,-1,0.009489741,0.001355798
-0.08,0.12,-1,-1,-1,0.009489741,0.001202038
-0.12,0.12,-1,-1,0.1,0.01131543,0.002524423
-0.12,0.12,1,-1,0.1,0.01553726,0.003170782
-0.12,0.12,-1,1,-1,0.01881416,0.002842555
-0.12,0.12,-1,-1,-1,0.01881416,0.002559782
-0.16,0.12,-1,1,0.1,0.02518013,0.003560883
-0.16,0.12,-1,-1,0.1,0.02518013,0.003722963
-0.12,0.12,1,1,0.1,0.02782654,0.00445228
-0.12,0.12,-1,1,0.1,0.02782654,0.003805922
-0.16,0.12,1,1,0.1,0.02821458,0.004069039
-0.16,0.12,1,-1,0.1,0.02821458,0.004231119
-0.08,0.16,1,1,-1,0.03224184,0.005257767
-0.08,0.16,1,-1,-1,0.03224184,0.005109583
-0.08,0.16,-1,1,0.1,0.03730093,0.007420545
-0.08,0.16,-1,-1,0.1,0.03730093,0.006380597
-0.08,0.12,1,1,0.1,0.04037748,0.006870691
-0.08,0.12,-1,1,0.1,0.04037748,0.007718252
-0.12,0.16,1,1,-1,0.04133491,0.006614005
-0.12,0.16,1,-1,-1,0.04133491,0.006442644
-0.2,0.12,-1,1,0.1,0.04212644,0.006215079
-0.2,0.12,-1,-1,0.1,0.04212644,0.006226476
-0.08,0.16,1,1,0.1,0.04221798,0.008215942
-0.08,0.16,1,-1,0.1,0.04221798,0.007175995
-0.2,0.12,1,1,0.1,0.04391999,0.006580407
-0.2,0.12,1,-1,0.1,0.04391999,0.006591804
-0.08,0.16,-1,1,-1,0.04487647,0.007266328
-0.08,0.16,-1,-1,-1,0.04487647,0.007118144
-0.12,0.16,-1,1,0.1,0.04675487,0.007349506
-0.12,0.16,-1,-1,0.1,0.04675487,0.009910796
-0.12,0.16,1,1,0.1,0.05072991,0.008023963
-0.12,0.16,1,-1,0.1,0.05072991,0.01058525
-0.12,0.16,-1,1,-1,0.05353445,0.008997614
-0.12,0.16,-1,-1,-1,0.05353445,0.008826253
-0.16,0.16,1,1,-1,0.05383225,0.008708927
-0.16,0.16,1,-1,-1,0.05383225,0.008410147
-0.16,0.12,1,-1,-1,0.05622289,0.008955647
-0.16,0.12,-1,-1,-1,0.05622289,0.01151334
-0.16,0.16,-1,1,0.1,0.0594565,0.00929373
-0.16,0.16,-1,-1,0.1,0.0594565,0.009385528
-0.16,0.12,1,1,-1,0.06151766,0.007638441
-0.16,0.12,-1,1,-1,0.06151766,0.01019613
-0.16,0.16,1,1,0.1,0.06241021,0.01027382
-0.16,0.16,1,-1,0.1,0.06241021,0.01036562
-0.16,0.16,-1,1,-1,0.06545857,0.01145177
-0.16,0.16,-1,-1,-1,0.06545857,0.01115299
-0.2,0.16,1,1,-1,0.06944566,0.01426476
-0.2,0.16,1,-1,-1,0.06944566,0.02274833
-0.08,0.2,1,1,-1,0.07015704,0.01197684
-0.08,0.2,1,-1,-1,0.07015704,0.01183924
-0.08,0.2,-1,1,0.1,0.07429817,0.01380917
-0.08,0.2,-1,-1,0.1,0.07429817,0.01404162
-0.2,0.16,-1,1,0.1,0.07512812,0.01367095
-0.2,0.16,-1,-1,0.1,0.07512812,0.01371369
-0.2,0.16,1,1,0.1,0.07704157,0.01492638
-0.2,0.16,1,-1,0.1,0.07704157,0.01496912
-0.12,0.2,1,1,-1,0.07852829,0.01534877
-0.12,0.2,1,-1,-1,0.07852829,0.01519207
-0.08,0.2,1,1,0.1,0.07864335,0.01574243
-0.08,0.2,1,-1,0.1,0.07864335,0.01597488
-0.2,0.16,-1,1,-1,0.0804002,0.01801367
-0.2,0.16,-1,-1,-1,0.0804002,0.02649724
-0.08,0.2,-1,1,-1,0.08102874,0.01654632
-0.08,0.2,-1,-1,-1,0.08102874,0.01640873
-0.12,0.2,-1,1,0.1,0.08295602,0.01651701
-0.12,0.2,-1,-1,0.1,0.08295602,0.01675245
-0.12,0.2,1,1,0.1,0.08660322,0.01819392
-0.12,0.2,1,-1,0.1,0.08660322,0.01842936
-0.12,0.2,-1,1,-1,0.089094,0.01906307
-0.12,0.2,-1,-1,-1,0.089094,0.01890637
-0.16,0.2,1,1,-1,0.09001732,0.01915661
-0.16,0.2,1,-1,-1,0.09001732,0.01896554
-0.2,0.12,1,-1,-1,0.09306804,0.01957607
-0.2,0.12,-1,-1,-1,0.09306804,0.02150482
-0.16,0.2,-1,1,0.1,0.09466636,0.02039853
-0.16,0.2,-1,-1,0.1,0.09466636,0.020426
-0.16,0.2,1,1,0.1,0.09741614,0.02179924
-0.16,0.2,1,-1,0.1,0.09741614,0.0218267
-0.16,0.2,-1,1,-1,0.1002029,0.02273794
-0.16,0.2,-1,-1,-1,0.1002029,0.02254686
-0.2,0.2,1,1,-1,0.1044698,0.02421943
-0.2,0.2,1,-1,-1,0.1044698,0.02393555
-0.2,0.2,-1,1,0.1,0.1092304,0.02535018
-0.2,0.2,-1,-1,0.1,0.1092304,0.02528183
-0.2,0.12,1,1,-1,0.1101401,0.02198664
-0.2,0.12,-1,1,-1,0.1101401,0.02391539
-0.2,0.2,1,1,0.1,0.1113168,0.02651093
-0.2,0.2,1,-1,0.1,0.1113168,0.02644259
-0.2,0.2,-1,1,-1,0.1141648,0.02752154
-0.2,0.2,-1,-1,-1,0.1141648,0.02723765
-0.08,0.12,1,-1,0.1,0.184701,0.02360206
-0.08,0.12,-1,-1,0.1,0.184701,0.02444962
