Editor-only reach probe; grounded scene character, existing idle/walk clips.
right,y,z,x,passes,maxErrorMetres
False,0.69,0.04,0.08,4,0.1450146
False,0.69,0.04,0.08,8,0.118735
False,0.69,0.04,0.14,4,0.05736014
False,0.69,0.04,0.14,8,0.06208524
False,0.69,0.1,0.08,4,0.02889517
False,0.69,0.1,0.08,8,0.03686859
False,0.69,0.1,0.14,4,0.02382204
False,0.69,0.1,0.14,8,0.005450711
False,0.69,0.18,0.08,4,0.002241145
False,0.69,0.18,0.08,8,0.0002178171
False,0.69,0.18,0.14,4,0.0008516786
False,0.69,0.18,0.14,8,0.0001949243
False,0.69,0.28,0.08,4,0.0123868
False,0.69,0.28,0.08,8,0.0123868
False,0.69,0.28,0.14,4,0.0007001017
False,0.69,0.28,0.14,8,0.0001453951
False,0.76,0.04,0.08,4,0.03891678
False,0.76,0.04,0.08,8,0.04776014
False,0.76,0.04,0.14,4,0.1448844
False,0.76,0.04,0.14,8,0.1441758
False,0.76,0.1,0.08,4,0.05853085
False,0.76,0.1,0.08,8,0.06100266
False,0.76,0.1,0.14,4,0.08078226
False,0.76,0.1,0.14,8,0.08066262
False,0.76,0.18,0.08,4,0.0006526288
False,0.76,0.18,0.08,8,0.0002087936
False,0.76,0.18,0.14,4,0.001543886
False,0.76,0.18,0.14,8,0.0002141425
False,0.76,0.28,0.08,4,0.006511309
False,0.76,0.28,0.08,8,0.006511251
False,0.76,0.28,0.14,4,0.0007100971
False,0.76,0.28,0.14,8,0.0001401647
False,0.81,0.04,0.08,4,0.08839996
False,0.81,0.04,0.08,8,0.06394249
False,0.81,0.04,0.14,4,0.141224
False,0.81,0.04,0.14,8,0.1226317
False,0.81,0.1,0.08,4,0.03207184
False,0.81,0.1,0.08,8,0.05455881
False,0.81,0.1,0.14,4,0.08959274
False,0.81,0.1,0.14,8,0.08937206
False,0.81,0.18,0.08,4,0.001789353
False,0.81,0.18,0.08,8,0.0002413452
False,0.81,0.18,0.14,4,0.001714582
False,0.81,0.18,0.14,8,0.0002352977
False,0.81,0.28,0.08,4,0.01209247
False,0.81,0.28,0.08,8,0.01209234
False,0.81,0.28,0.14,4,0.0003671084
False,0.81,0.28,0.14,8,0.0001157377
True,0.69,0.04,0.08,4,0.03539824
True,0.69,0.04,0.08,8,0.03350697
True,0.69,0.04,0.14,4,0.02346844
True,0.69,0.04,0.14,8,0.01547535
True,0.69,0.1,0.08,4,0.001685583
True,0.69,0.1,0.08,8,0.0002631624
True,0.69,0.1,0.14,4,0.001233113
True,0.69,0.1,0.14,8,0.000167947
True,0.69,0.18,0.08,4,0.01282507
True,0.69,0.18,0.08,8,0.01282498
True,0.69,0.18,0.14,4,0.0004619866
True,0.69,0.18,0.14,8,0.0002304734
True,0.69,0.28,0.08,4,0.1078787
True,0.69,0.28,0.08,8,0.1078788
True,0.69,0.28,0.14,4,0.09844294
True,0.69,0.28,0.14,8,0.09844294
True,0.76,0.04,0.08,4,0.02703087
True,0.76,0.04,0.08,8,0.06215676
True,0.76,0.04,0.14,4,0.05885902
True,0.76,0.04,0.14,8,0.0530622
True,0.76,0.1,0.08,4,0.002906143
True,0.76,0.1,0.08,8,0.0002053274
True,0.76,0.1,0.14,4,0.00195651
True,0.76,0.1,0.14,8,0.0002386106
True,0.76,0.18,0.08,4,0.003303518
True,0.76,0.18,0.08,8,0.0001888897
True,0.76,0.18,0.14,4,0.001196947
True,0.76,0.18,0.14,8,0.0002533294
True,0.76,0.28,0.08,4,0.09734333
True,0.76,0.28,0.08,8,0.09734321
True,0.76,0.28,0.14,4,0.08778439
True,0.76,0.28,0.14,8,0.0877844
True,0.81,0.04,0.08,4,0.02585112
True,0.81,0.04,0.08,8,0.03288761
True,0.81,0.04,0.14,4,0.07760837
True,0.81,0.04,0.14,8,0.0779696
True,0.81,0.1,0.08,4,0.003670715
True,0.81,0.1,0.08,8,0.0002092439
True,0.81,0.1,0.14,4,0.002265245
True,0.81,0.1,0.14,8,0.0002491329
True,0.81,0.18,0.08,4,0.003394112
True,0.81,0.18,0.08,8,0.0001604299
True,0.81,0.18,0.14,4,0.001705215
True,0.81,0.18,0.14,8,0.0002431704
True,0.81,0.28,0.08,4,0.09763937
True,0.81,0.28,0.08,8,0.09763936
True,0.81,0.28,0.14,4,0.08818534
True,0.81,0.28,0.14,8,0.08818535
