Scene,Camera,Aspect,UncoveredPixels,PixelCount
Story_01_RebuildPreview,CM_PreparationOverview_Rebuild,270:480,0,129600
Story_01_RebuildPreview,CM_PreparationOverview_Rebuild,270:585,0,157950
Story_01_RebuildPreview,CM_PreparationBag_Rebuild,270:480,0,129600
Story_01_RebuildPreview,CM_PreparationBag_Rebuild,270:585,0,157950
Story_01_RebuildPreview,CM_PreparationFamilyPlan_Rebuild,270:480,0,129600
Story_01_RebuildPreview,CM_PreparationFamilyPlan_Rebuild,270:585,0,157950
Story_01_RebuildPreview,CM_PreparationSignal_Rebuild,270:480,0,129600
Story_01_RebuildPreview,CM_PreparationSignal_Rebuild,270:585,0,157950
Story_01_RebuildPreview,CM_PreparationFlashlight_Rebuild,270:480,0,129600
Story_01_RebuildPreview,CM_PreparationFlashlight_Rebuild,270:585,0,157950
Story_01_RebuildPreview,CM_PreparationRadio_Rebuild,270:480,0,129600
Story_01_RebuildPreview,CM_PreparationRadio_Rebuild,270:585,0,157950
Story_01_RebuildPreview,CM_PreparationKitchen_Rebuild,270:480,0,129600
Story_01_RebuildPreview,CM_PreparationKitchen_Rebuild,270:585,0,157950
Story_01_RebuildPreview,CM_PreparationAid_Rebuild,270:480,0,129600
Story_01_RebuildPreview,CM_PreparationAid_Rebuild,270:585,0,157950
Story_01_RebuildPreview,CM_PreparationWaterInspection_Rebuild,270:480,0,129600
Story_01_RebuildPreview,CM_PreparationWaterInspection_Rebuild,270:585,0,157950
Story_01_RebuildPreview,CM_PreparationBandageInspection_Rebuild,270:480,0,129600
Story_01_RebuildPreview,CM_PreparationBandageInspection_Rebuild,270:585,0,157950
Story_01_RebuildPreview,CM_PreparationWarmth_Rebuild,270:480,0,129600
Story_01_RebuildPreview,CM_PreparationWarmth_Rebuild,270:585,0,157950
Story_01_RebuildPreview,CM_PreparationSiblingHandoff_Rebuild,270:480,0,129600
Story_01_RebuildPreview,CM_PreparationSiblingHandoff_Rebuild,270:585,0,157950
Story_01_RebuildPreview,CM_PreparationConsole_Rebuild,270:480,0,129600
Story_01_RebuildPreview,CM_PreparationConsole_Rebuild,270:585,0,157950
Story_01_RebuildPreview,CM_PreparationDeniz_Rebuild,270:480,0,129600
Story_01_RebuildPreview,CM_PreparationDeniz_Rebuild,270:585,0,157950
Story_01_RebuildPreview,CM_PreparationExitShelf_Rebuild,270:480,0,129600
Story_01_RebuildPreview,CM_PreparationExitShelf_Rebuild,270:585,0,157950
Story_01_RebuildPreview,CM_PreparationBag_Rebuild_to_CM_PreparationFamilyPlan_Rebuild_0.25,270:585,0,157950
Story_01_RebuildPreview,CM_PreparationBag_Rebuild_to_CM_PreparationFamilyPlan_Rebuild_0.5,270:585,0,157950
Story_01_RebuildPreview,CM_PreparationBag_Rebuild_to_CM_PreparationFamilyPlan_Rebuild_0.75,270:585,0,157950
Story_01_RebuildPreview,CM_PreparationBag_Rebuild_to_CM_PreparationConsole_Rebuild_0.25,270:585,0,157950
Story_01_RebuildPreview,CM_PreparationBag_Rebuild_to_CM_PreparationConsole_Rebuild_0.5,270:585,0,157950
Story_01_RebuildPreview,CM_PreparationBag_Rebuild_to_CM_PreparationConsole_Rebuild_0.75,270:585,0,157950
Story_01_RebuildPreview,CM_PreparationFamilyPlan_Rebuild_to_CM_PreparationBag_Rebuild_0.25,270:585,0,157950
Story_01_RebuildPreview,CM_PreparationFamilyPlan_Rebuild_to_CM_PreparationBag_Rebuild_0.5,270:585,0,157950
Story_01_RebuildPreview,CM_PreparationFamilyPlan_Rebuild_to_CM_PreparationBag_Rebuild_0.75,270:585,0,157950
Story_01_RebuildPreview,CM_PreparationFamilyPlan_Rebuild_to_CM_PreparationBandageInspection_Rebuild_0.25,270:585,0,157950
Story_01_RebuildPreview,CM_PreparationFamilyPlan_Rebuild_to_CM_PreparationBandageInspection_Rebuild_0.5,270:585,0,157950
Story_01_RebuildPreview,CM_PreparationFamilyPlan_Rebuild_to_CM_PreparationBandageInspection_Rebuild_0.75,270:585,0,157950
Story_01_RebuildPreview,CM_PreparationFamilyPlan_Rebuild_to_CM_PreparationConsole_Rebuild_0.25,270:585,0,157950
Story_01_RebuildPreview,CM_PreparationFamilyPlan_Rebuild_to_CM_PreparationConsole_Rebuild_0.5,270:585,0,157950
Story_01_RebuildPreview,CM_PreparationFamilyPlan_Rebuild_to_CM_PreparationConsole_Rebuild_0.75,270:585,0,157950
Story_01_RebuildPreview,CM_PreparationSignal_Rebuild_to_CM_PreparationWarmth_Rebuild_0.25,270:585,0,157950
Story_01_RebuildPreview,CM_PreparationSignal_Rebuild_to_CM_PreparationWarmth_Rebuild_0.5,270:585,0,157950
Story_01_RebuildPreview,CM_PreparationSignal_Rebuild_to_CM_PreparationWarmth_Rebuild_0.75,270:585,0,157950
Story_01_RebuildPreview,CM_PreparationRadio_Rebuild_to_CM_PreparationKitchen_Rebuild_0.25,270:585,0,157950
Story_01_RebuildPreview,CM_PreparationRadio_Rebuild_to_CM_PreparationKitchen_Rebuild_0.5,270:585,0,157950
Story_01_RebuildPreview,CM_PreparationRadio_Rebuild_to_CM_PreparationKitchen_Rebuild_0.75,270:585,0,157950
Story_01_RebuildPreview,CM_PreparationRadio_Rebuild_to_CM_PreparationAid_Rebuild_0.25,270:585,0,157950
Story_01_RebuildPreview,CM_PreparationRadio_Rebuild_to_CM_PreparationAid_Rebuild_0.5,270:585,0,157950
Story_01_RebuildPreview,CM_PreparationRadio_Rebuild_to_CM_PreparationAid_Rebuild_0.75,270:585,0,157950
Story_01_RebuildPreview,CM_PreparationRadio_Rebuild_to_CM_PreparationSiblingHandoff_Rebuild_0.25,270:585,0,157950
Story_01_RebuildPreview,CM_PreparationRadio_Rebuild_to_CM_PreparationSiblingHandoff_Rebuild_0.5,270:585,0,157950
Story_01_RebuildPreview,CM_PreparationRadio_Rebuild_to_CM_PreparationSiblingHandoff_Rebuild_0.75,270:585,0,157950
Story_01_RebuildPreview,CM_PreparationKitchen_Rebuild_to_CM_PreparationRadio_Rebuild_0.25,270:585,0,157950
Story_01_RebuildPreview,CM_PreparationKitchen_Rebuild_to_CM_PreparationRadio_Rebuild_0.5,270:585,0,157950
Story_01_RebuildPreview,CM_PreparationKitchen_Rebuild_to_CM_PreparationRadio_Rebuild_0.75,270:585,0,157950
Story_01_RebuildPreview,CM_PreparationKitchen_Rebuild_to_CM_PreparationAid_Rebuild_0.25,270:585,0,157950
Story_01_RebuildPreview,CM_PreparationKitchen_Rebuild_to_CM_PreparationAid_Rebuild_0.5,270:585,0,157950
Story_01_RebuildPreview,CM_PreparationKitchen_Rebuild_to_CM_PreparationAid_Rebuild_0.75,270:585,0,157950
Story_01_RebuildPreview,CM_PreparationKitchen_Rebuild_to_CM_PreparationSiblingHandoff_Rebuild_0.25,270:585,0,157950
Story_01_RebuildPreview,CM_PreparationKitchen_Rebuild_to_CM_PreparationSiblingHandoff_Rebuild_0.5,270:585,0,157950
Story_01_RebuildPreview,CM_PreparationKitchen_Rebuild_to_CM_PreparationSiblingHandoff_Rebuild_0.75,270:585,0,157950
Story_01_RebuildPreview,CM_PreparationAid_Rebuild_to_CM_PreparationRadio_Rebuild_0.25,270:585,0,157950
Story_01_RebuildPreview,CM_PreparationAid_Rebuild_to_CM_PreparationRadio_Rebuild_0.5,270:585,0,157950
Story_01_RebuildPreview,CM_PreparationAid_Rebuild_to_CM_PreparationRadio_Rebuild_0.75,270:585,0,157950
Story_01_RebuildPreview,CM_PreparationAid_Rebuild_to_CM_PreparationKitchen_Rebuild_0.25,270:585,0,157950
Story_01_RebuildPreview,CM_PreparationAid_Rebuild_to_CM_PreparationKitchen_Rebuild_0.5,270:585,0,157950
Story_01_RebuildPreview,CM_PreparationAid_Rebuild_to_CM_PreparationKitchen_Rebuild_0.75,270:585,0,157950
Story_01_RebuildPreview,CM_PreparationAid_Rebuild_to_CM_PreparationSiblingHandoff_Rebuild_0.25,270:585,0,157950
Story_01_RebuildPreview,CM_PreparationAid_Rebuild_to_CM_PreparationSiblingHandoff_Rebuild_0.5,270:585,0,157950
Story_01_RebuildPreview,CM_PreparationAid_Rebuild_to_CM_PreparationSiblingHandoff_Rebuild_0.75,270:585,0,157950
Story_01_RebuildPreview,CM_PreparationWaterInspection_Rebuild_to_CM_PreparationSiblingHandoff_Rebuild_0.25,270:585,0,157950
Story_01_RebuildPreview,CM_PreparationWaterInspection_Rebuild_to_CM_PreparationSiblingHandoff_Rebuild_0.5,270:585,0,157950
Story_01_RebuildPreview,CM_PreparationWaterInspection_Rebuild_to_CM_PreparationSiblingHandoff_Rebuild_0.75,270:585,0,157950
Story_01_RebuildPreview,CM_PreparationBandageInspection_Rebuild_to_CM_PreparationFamilyPlan_Rebuild_0.25,270:585,0,157950
Story_01_RebuildPreview,CM_PreparationBandageInspection_Rebuild_to_CM_PreparationFamilyPlan_Rebuild_0.5,270:585,0,157950
Story_01_RebuildPreview,CM_PreparationBandageInspection_Rebuild_to_CM_PreparationFamilyPlan_Rebuild_0.75,270:585,0,157950
Story_01_RebuildPreview,CM_PreparationBandageInspection_Rebuild_to_CM_PreparationConsole_Rebuild_0.25,270:585,0,157950
Story_01_RebuildPreview,CM_PreparationBandageInspection_Rebuild_to_CM_PreparationConsole_Rebuild_0.5,270:585,0,157950
Story_01_RebuildPreview,CM_PreparationBandageInspection_Rebuild_to_CM_PreparationConsole_Rebuild_0.75,270:585,0,157950
Story_01_RebuildPreview,CM_PreparationWarmth_Rebuild_to_CM_PreparationSignal_Rebuild_0.25,270:585,0,157950
Story_01_RebuildPreview,CM_PreparationWarmth_Rebuild_to_CM_PreparationSignal_Rebuild_0.5,270:585,0,157950
Story_01_RebuildPreview,CM_PreparationWarmth_Rebuild_to_CM_PreparationSignal_Rebuild_0.75,270:585,0,157950
Story_01_RebuildPreview,CM_PreparationSiblingHandoff_Rebuild_to_CM_PreparationRadio_Rebuild_0.25,270:585,0,157950
Story_01_RebuildPreview,CM_PreparationSiblingHandoff_Rebuild_to_CM_PreparationRadio_Rebuild_0.5,270:585,0,157950
Story_01_RebuildPreview,CM_PreparationSiblingHandoff_Rebuild_to_CM_PreparationRadio_Rebuild_0.75,270:585,0,157950
Story_01_RebuildPreview,CM_PreparationSiblingHandoff_Rebuild_to_CM_PreparationKitchen_Rebuild_0.25,270:585,0,157950
Story_01_RebuildPreview,CM_PreparationSiblingHandoff_Rebuild_to_CM_PreparationKitchen_Rebuild_0.5,270:585,0,157950
Story_01_RebuildPreview,CM_PreparationSiblingHandoff_Rebuild_to_CM_PreparationKitchen_Rebuild_0.75,270:585,0,157950
Story_01_RebuildPreview,CM_PreparationSiblingHandoff_Rebuild_to_CM_PreparationAid_Rebuild_0.25,270:585,0,157950
Story_01_RebuildPreview,CM_PreparationSiblingHandoff_Rebuild_to_CM_PreparationAid_Rebuild_0.5,270:585,0,157950
Story_01_RebuildPreview,CM_PreparationSiblingHandoff_Rebuild_to_CM_PreparationAid_Rebuild_0.75,270:585,0,157950
Story_01_RebuildPreview,CM_PreparationSiblingHandoff_Rebuild_to_CM_PreparationWaterInspection_Rebuild_0.25,270:585,0,157950
Story_01_RebuildPreview,CM_PreparationSiblingHandoff_Rebuild_to_CM_PreparationWaterInspection_Rebuild_0.5,270:585,0,157950
Story_01_RebuildPreview,CM_PreparationSiblingHandoff_Rebuild_to_CM_PreparationWaterInspection_Rebuild_0.75,270:585,0,157950
Story_01_RebuildPreview,CM_PreparationConsole_Rebuild_to_CM_PreparationBag_Rebuild_0.25,270:585,0,157950
Story_01_RebuildPreview,CM_PreparationConsole_Rebuild_to_CM_PreparationBag_Rebuild_0.5,270:585,0,157950
Story_01_RebuildPreview,CM_PreparationConsole_Rebuild_to_CM_PreparationBag_Rebuild_0.75,270:585,0,157950
Story_01_RebuildPreview,CM_PreparationConsole_Rebuild_to_CM_PreparationFamilyPlan_Rebuild_0.25,270:585,0,157950
Story_01_RebuildPreview,CM_PreparationConsole_Rebuild_to_CM_PreparationFamilyPlan_Rebuild_0.5,270:585,0,157950
Story_01_RebuildPreview,CM_PreparationConsole_Rebuild_to_CM_PreparationFamilyPlan_Rebuild_0.75,270:585,0,157950
Story_01_RebuildPreview,CM_PreparationConsole_Rebuild_to_CM_PreparationBandageInspection_Rebuild_0.25,270:585,0,157950
Story_01_RebuildPreview,CM_PreparationConsole_Rebuild_to_CM_PreparationBandageInspection_Rebuild_0.5,270:585,0,157950
Story_01_RebuildPreview,CM_PreparationConsole_Rebuild_to_CM_PreparationBandageInspection_Rebuild_0.75,270:585,0,157950
Story_02_RebuildPreview,CM_HomeOverview_Rebuild,270:480,0,129600
Story_02_RebuildPreview,CM_HomeOverview_Rebuild,270:585,0,157950
Story_02_RebuildPreview,CM_HomeWardrobe_Rebuild,270:480,0,129600
Story_02_RebuildPreview,CM_HomeWardrobe_Rebuild,270:585,0,157950
Story_02_RebuildPreview,CM_HomeShelf_Rebuild,270:480,0,129600
Story_02_RebuildPreview,CM_HomeShelf_Rebuild,270:585,0,157950
Story_02_RebuildPreview,CM_HomeExit_Rebuild,270:480,0,129600
Story_02_RebuildPreview,CM_HomeExit_Rebuild,270:585,0,157950
Story_02_RebuildPreview,CM_HomeParentWork_Rebuild,270:480,0,129600
Story_02_RebuildPreview,CM_HomeParentWork_Rebuild,270:585,0,157950
Story_02_RebuildPreview,CM_HomeFinalRoute_Rebuild,270:480,0,129600
Story_02_RebuildPreview,CM_HomeFinalRoute_Rebuild,270:585,0,157950
Story_03_RebuildPreview,CM03R_RoomOverview,270:480,0,129600
Story_03_RebuildPreview,CM03R_RoomOverview,270:585,0,157950
Story_03_RebuildPreview,CM03R_QuakeClose,270:480,0,129600
Story_03_RebuildPreview,CM03R_QuakeClose,270:585,0,157950
Story_03_RebuildPreview,CM03R_UnderTableTwoShot,270:480,0,129600
Story_03_RebuildPreview,CM03R_UnderTableTwoShot,270:585,0,157950
Story_03_RebuildPreview,CM03R_PostQuake,270:480,0,129600
Story_03_RebuildPreview,CM03R_PostQuake,270:585,0,157950
Story_03_RebuildPreview,CM03R_CorridorLong,270:480,0,129600
Story_03_RebuildPreview,CM03R_CorridorLong,270:585,0,157950
Story_03_RebuildPreview,CM03R_TableFamilyMoment,270:480,0,129600
Story_03_RebuildPreview,CM03R_TableFamilyMoment,270:585,0,157950
Story_03_RebuildPreview,CM03R_WindowRisk,270:480,0,129600
Story_03_RebuildPreview,CM03R_WindowRisk,270:585,0,157950
Story_03_RebuildPreview,CM03R_PreparationConsequence,270:480,0,129600
Story_03_RebuildPreview,CM03R_PreparationConsequence,270:585,0,157950
Story_03_RebuildPreview,CM03R_ExitAndCorridor,270:480,0,129600
Story_03_RebuildPreview,CM03R_ExitAndCorridor,270:585,0,157950
Story_03_RebuildPreview,CM03R_GlassSafeRoute,270:480,0,129600
Story_03_RebuildPreview,CM03R_GlassSafeRoute,270:585,0,157950
Story_03_RebuildPreview,CM03R_CorridorLong_to_CM03R_TableFamilyMoment_0.25,270:585,0,157950
Story_03_RebuildPreview,CM03R_CorridorLong_to_CM03R_TableFamilyMoment_0.5,270:585,0,157950
Story_03_RebuildPreview,CM03R_CorridorLong_to_CM03R_TableFamilyMoment_0.75,270:585,0,157950
Story_03_RebuildPreview,CM03R_TableFamilyMoment_to_CM03R_CorridorLong_0.25,270:585,0,157950
Story_03_RebuildPreview,CM03R_TableFamilyMoment_to_CM03R_CorridorLong_0.5,270:585,0,157950
Story_03_RebuildPreview,CM03R_TableFamilyMoment_to_CM03R_CorridorLong_0.75,270:585,0,157950
Story_04_RebuildPreview,CM04R_CorridorPair,270:480,0,129600
Story_04_RebuildPreview,CM04R_CorridorPair,270:585,0,157950
Story_04_RebuildPreview,CM04R_ElevatorEvidence,270:480,0,129600
Story_04_RebuildPreview,CM04R_ElevatorEvidence,270:585,0,157950
Story_04_RebuildPreview,CM04R_StairDoorReveal,270:480,0,129600
Story_04_RebuildPreview,CM04R_StairDoorReveal,270:585,0,157950
Story_04_RebuildPreview,CM04R_StairDescent,270:480,0,129600
Story_04_RebuildPreview,CM04R_StairDescent,270:585,0,157950
Story_04_RebuildPreview,CM04R_AftershockTwoShot,270:480,0,129600
Story_04_RebuildPreview,CM04R_AftershockTwoShot,270:585,0,157950
Story_04_RebuildPreview,CM04R_LowerLandingReveal,270:480,0,129600
Story_04_RebuildPreview,CM04R_LowerLandingReveal,270:585,0,157950
Story_04_RebuildPreview,CM04R_NerminHelp,270:480,0,129600
Story_04_RebuildPreview,CM04R_NerminHelp,270:585,0,157950
Story_04_RebuildPreview,CM04R_ExitDoor,270:480,0,129600
Story_04_RebuildPreview,CM04R_ExitDoor,270:585,0,157950
Story_04_RebuildPreview,CM04R_CorridorPair_to_CM04R_StairDoorReveal_0.25,270:585,0,157950
Story_04_RebuildPreview,CM04R_CorridorPair_to_CM04R_StairDoorReveal_0.5,270:585,0,157950
Story_04_RebuildPreview,CM04R_CorridorPair_to_CM04R_StairDoorReveal_0.75,270:585,0,157950
Story_04_RebuildPreview,CM04R_StairDoorReveal_to_CM04R_CorridorPair_0.25,270:585,0,157950
Story_04_RebuildPreview,CM04R_StairDoorReveal_to_CM04R_CorridorPair_0.5,270:585,0,157950
Story_04_RebuildPreview,CM04R_StairDoorReveal_to_CM04R_CorridorPair_0.75,270:585,0,157950
